{
  "resourceType" : "ValueSet",
  "id" : "reservation-codes-vs",
  "text" : {
    "status" : "generated",
    "div" : "<div xmlns=\"http://www.w3.org/1999/xhtml\"><p class=\"res-header-id\"><b>Generated Narrative: ValueSet reservation-codes-vs</b></p><a name=\"reservation-codes-vs\"> </a><a name=\"hcreservation-codes-vs\"> </a><a name=\"reservation-codes-vs-en-US\"> </a><ul><li>Include all codes defined in <code>http://ehelse.no/fhir/CodeSystem/no-kodeverk-3108</code></li></ul></div>"
  },
  "url" : "http://nhn.no/fhir/nilar/ValueSet/reservation-codes-vs",
  "version" : "1.4.2",
  "name" : "ReservationCodes_VS",
  "title" : "Reservation Codes",
  "status" : "active",
  "date" : "2025-03-20T10:06:13+00:00",
  "publisher" : "Norsk helsenett - Nilar",
  "contact" : [{
    "name" : "Norsk helsenett - Nilar",
    "telecom" : [{
      "system" : "url",
      "value" : "https://www.nhn.no"
    }]
  }],
  "description" : "Reservations the patient might have, regarding registration etc.",
  "compose" : {
    "include" : [{
      "system" : "http://ehelse.no/fhir/CodeSystem/no-kodeverk-3108"
    }]
  }
}