{
  "resourceType": "ValueSet",
  "id": "public-it-type-vs",
  "text": {
    "status": "generated",
    "div": "<div xmlns=\"http://www.w3.org/1999/xhtml\"><ul><li>Include all codes defined in <a href=\"CodeSystem-public-id-type-cs.html\"><code>http://nhn.no/fhir/nilar/CodeSystem/public-id-type-cs</code></a></li></ul></div>"
  },
  "url": "http://nhn.no/fhir/nilar/ValueSet/public-it-type-vs",
  "version": "0.1.0",
  "name": "PublicIdType_VS",
  "title": "PublicIdType_VS",
  "status": "active",
  "date": "2022-10-10T09:03:48+00:00",
  "publisher": "Norsk helsenett - Nilar",
  "contact": [
    {
      "name": "Norsk helsenett - Nilar",
      "telecom": [
        {
          "system": "url",
          "value": "https://www.nhn.no"
        }
      ]
    }
  ],
  "description": "Id types used to identify patients",
  "compose": {
    "include": [
      {
        "system": "http://nhn.no/fhir/nilar/CodeSystem/public-id-type-cs"
      }
    ]
  }
}