{
  "resourceType" : "ValueSet",
  "id" : "investigation-method-vs",
  "text" : {
    "status" : "generated",
    "div" : "<div xmlns=\"http://www.w3.org/1999/xhtml\">Placeholder</div>"
  },
  "url" : "http://nhn.no/fhir/nilar/ValueSet/investigation-method-vs",
  "version" : "1.3.0",
  "name" : "InvestigationMethod_VS",
  "title" : "Investigation Method VS",
  "status" : "active",
  "date" : "2023-08-30T12:04:38+00:00",
  "publisher" : "Norsk helsenett - Nilar",
  "contact" : [{
    "name" : "Norsk helsenett - Nilar",
    "telecom" : [{
      "system" : "url",
      "value" : "https://www.nhn.no"
    }]
  }],
  "description" : "Codes used to specify method used in investigation.",
  "compose" : {
    "include" : [{
      "system" : "http://ehelse.no/fhir/CodeSystem/no-kodeverk-8354"
    }]
  }
}