{
  "resourceType" : "ValueSet",
  "id" : "report-comment-vs",
  "text" : {
    "status" : "generated",
    "div" : "<div xmlns=\"http://www.w3.org/1999/xhtml\"><p>This value set includes codes based on the following rules:</p><ul><li>Include all codes defined in <code>http://ehelse.no/fhir/CodeSystem/no-kodeverk-8269</code></li><li>Include all codes defined in <code>http://ehelse.no/fhir/CodeSystem/no-kodeverk-8272</code></li><li>Include all codes defined in <code>http://ehelse.no/fhir/CodeSystem/no-kodeverk-8273</code></li></ul></div>"
  },
  "url" : "http://nhn.no/fhir/nilar/ValueSet/report-comment-vs",
  "version" : "1.2.0",
  "name" : "ReportComment_VS",
  "title" : "Report Comment VS",
  "status" : "active",
  "date" : "2023-02-27T07:47:29+00:00",
  "publisher" : "Norsk helsenett - Nilar",
  "contact" : [{
    "name" : "Norsk helsenett - Nilar",
    "telecom" : [{
      "system" : "url",
      "value" : "https://www.nhn.no"
    }]
  }],
  "description" : "Codes used for comments in diagnostic report.",
  "compose" : {
    "include" : [{
      "system" : "http://ehelse.no/fhir/CodeSystem/no-kodeverk-8269"
    },
    {
      "system" : "http://ehelse.no/fhir/CodeSystem/no-kodeverk-8272"
    },
    {
      "system" : "http://ehelse.no/fhir/CodeSystem/no-kodeverk-8273"
    }]
  }
}