{
  "resourceType" : "ValueSet",
  "id" : "outcome-details-vs",
  "text" : {
    "status" : "generated",
    "div" : "<div xmlns=\"http://www.w3.org/1999/xhtml\"><p class=\"res-header-id\"><b>Generated Narrative: ValueSet outcome-details-vs</b></p><a name=\"outcome-details-vs\"> </a><a name=\"hcoutcome-details-vs\"> </a><a name=\"hcoutcome-details-vs-en-US\"> </a><ul><li>Include all codes defined in <a href=\"CodeSystem-pvk-outcome-cs.html\"><code>http://nhn.no/fhir/nilar/CodeSystem/pvk-outcome-cs</code></a></li></ul></div>"
  },
  "url" : "http://nhn.no/fhir/nilar/ValueSet/outcome-details-vs",
  "version" : "1.4.0",
  "name" : "OutcomeDetails_VS",
  "title" : "Outcome Details VS",
  "status" : "active",
  "date" : "2024-06-28T12:17:56+00:00",
  "publisher" : "Norsk helsenett - Nilar",
  "contact" : [{
    "name" : "Norsk helsenett - Nilar",
    "telecom" : [{
      "system" : "url",
      "value" : "https://www.nhn.no"
    }]
  }],
  "description" : "A code that gives more details to the outcome, such as privacy settings.",
  "compose" : {
    "include" : [{
      "system" : "http://nhn.no/fhir/nilar/CodeSystem/pvk-outcome-cs"
    }]
  }
}