{
  "resourceType" : "ValueSet",
  "id" : "identifier-source-vs",
  "text" : {
    "status" : "generated",
    "div" : "<div xmlns=\"http://www.w3.org/1999/xhtml\"><p class=\"res-header-id\"><b>Generated Narrative: ValueSet identifier-source-vs</b></p><a name=\"identifier-source-vs\"> </a><a name=\"hcidentifier-source-vs\"> </a><a name=\"hcidentifier-source-vs-en-US\"> </a><ul><li>Include all codes defined in <a href=\"CodeSystem-identifier-source-cs.html\"><code>http://nhn.no/fhir/nilar/CodeSystem/identifier-source-cs</code></a></li></ul></div>"
  },
  "url" : "http://nhn.no/fhir/nilar/ValueSet/identifier-source-vs",
  "version" : "1.4.1",
  "name" : "IdentifierSource_VS",
  "title" : "Identifier Source VS",
  "status" : "active",
  "date" : "2024-07-02T13:23:40+00:00",
  "publisher" : "Norsk helsenett - Nilar",
  "contact" : [{
    "name" : "Norsk helsenett - Nilar",
    "telecom" : [{
      "system" : "url",
      "value" : "https://www.nhn.no"
    }]
  }],
  "description" : "Various resources has one or two identifiers, provided by requester or service provider. These are the naming systems used to identify the origin of the identifiers.",
  "compose" : {
    "include" : [{
      "system" : "http://nhn.no/fhir/nilar/CodeSystem/identifier-source-cs"
    }]
  }
}