{"resourceType":"ImplementationGuide","id":"diagnostic.report.nilar","text":{"status":"extensions","div":"<div xmlns=\"http://www.w3.org/1999/xhtml\"><h2>DiagnosticReportIG</h2><p>The official URL for this implementation guide is: </p><pre>http://nhn.no/fhir/nilar/ImplementationGuide/diagnostic.report.nilar</pre></div>"},"url":"http://nhn.no/fhir/nilar/ImplementationGuide/diagnostic.report.nilar","version":"0.1.0","name":"DiagnosticReportIG","status":"draft","date":"2022-09-28T07:59:31+00:00","publisher":"Norsk helsenett - Nilar","contact":[{"name":"Norsk helsenett - Nilar","telecom":[{"system":"url","value":"https://www.nhn.no"}]}],"packageId":"diagnostic.report.nilar","license":"CC0-1.0","fhirVersion":["4.0.1"],"dependsOn":[{"id":"higtools","uri":"http://hl7.org/fhir/tools/ImplementationGuide/hl7.fhir.uv.tools","packageId":"hl7.fhir.uv.tools","version":"current"},{"id":"hl7tx","uri":"http://terminology.hl7.org/ImplementationGuide/hl7.terminology","packageId":"hl7.terminology.r4","version":"4.0.0"},{"id":"hl7_fhir_no_basis","uri":"http://hl7.no/fhir/","packageId":"hl7.fhir.no.basis","version":"2.1.2-beta"}],"definition":{"extension":[{"extension":[{"url":"code","valueString":"copyrightyear"},{"url":"value","valueString":"2022+"}],"url":"http://hl7.org/fhir/tools/StructureDefinition/ig-parameter"},{"extension":[{"url":"code","valueString":"releaselabel"},{"url":"value","valueString":"ci-build"}],"url":"http://hl7.org/fhir/tools/StructureDefinition/ig-parameter"},{"extension":[{"url":"code","valueString":"path-liquid"},{"url":"value","valueString":"template/liquid"}],"url":"http://hl7.org/fhir/tools/StructureDefinition/ig-parameter"},{"extension":[{"url":"code","valueString":"path-liquid"},{"url":"value","valueString":"input/liquid"}],"url":"http://hl7.org/fhir/tools/StructureDefinition/ig-parameter"},{"extension":[{"url":"code","valueString":"path-qa"},{"url":"value","valueString":"temp/qa"}],"url":"http://hl7.org/fhir/tools/StructureDefinition/ig-parameter"},{"extension":[{"url":"code","valueString":"path-temp"},{"url":"value","valueString":"temp/pages"}],"url":"http://hl7.org/fhir/tools/StructureDefinition/ig-parameter"},{"extension":[{"url":"code","valueString":"path-output"},{"url":"value","valueString":"output"}],"url":"http://hl7.org/fhir/tools/StructureDefinition/ig-parameter"},{"extension":[{"url":"code","valueString":"path-suppressed-warnings"},{"url":"value","valueString":"input/ignoreWarnings.txt"}],"url":"http://hl7.org/fhir/tools/StructureDefinition/ig-parameter"},{"extension":[{"url":"code","valueString":"path-history"},{"url":"value","valueString":"http://nhn.no/fhir/nilar/history.html"}],"url":"http://hl7.org/fhir/tools/StructureDefinition/ig-parameter"},{"extension":[{"url":"code","valueString":"template-html"},{"url":"value","valueString":"template-page.html"}],"url":"http://hl7.org/fhir/tools/StructureDefinition/ig-parameter"},{"extension":[{"url":"code","valueString":"template-md"},{"url":"value","valueString":"template-page-md.html"}],"url":"http://hl7.org/fhir/tools/StructureDefinition/ig-parameter"},{"extension":[{"url":"code","valueString":"apply-contact"},{"url":"value","valueString":"true"}],"url":"http://hl7.org/fhir/tools/StructureDefinition/ig-parameter"},{"extension":[{"url":"code","valueString":"apply-context"},{"url":"value","valueString":"true"}],"url":"http://hl7.org/fhir/tools/StructureDefinition/ig-parameter"},{"extension":[{"url":"code","valueString":"apply-copyright"},{"url":"value","valueString":"true"}],"url":"http://hl7.org/fhir/tools/StructureDefinition/ig-parameter"},{"extension":[{"url":"code","valueString":"apply-jurisdiction"},{"url":"value","valueString":"true"}],"url":"http://hl7.org/fhir/tools/StructureDefinition/ig-parameter"},{"extension":[{"url":"code","valueString":"apply-license"},{"url":"value","valueString":"true"}],"url":"http://hl7.org/fhir/tools/StructureDefinition/ig-parameter"},{"extension":[{"url":"code","valueString":"apply-publisher"},{"url":"value","valueString":"true"}],"url":"http://hl7.org/fhir/tools/StructureDefinition/ig-parameter"},{"extension":[{"url":"code","valueString":"apply-version"},{"url":"value","valueString":"true"}],"url":"http://hl7.org/fhir/tools/StructureDefinition/ig-parameter"},{"extension":[{"url":"code","valueString":"active-tables"},{"url":"value","valueString":"true"}],"url":"http://hl7.org/fhir/tools/StructureDefinition/ig-parameter"},{"extension":[{"url":"code","valueString":"fmm-definition"},{"url":"value","valueString":"http://hl7.org/fhir/versions.html#maturity"}],"url":"http://hl7.org/fhir/tools/StructureDefinition/ig-parameter"},{"extension":[{"url":"code","valueString":"propagate-status"},{"url":"value","valueString":"true"}],"url":"http://hl7.org/fhir/tools/StructureDefinition/ig-parameter"},{"extension":[{"url":"code","valueString":"excludelogbinaryformat"},{"url":"value","valueString":"true"}],"url":"http://hl7.org/fhir/tools/StructureDefinition/ig-parameter"}],"grouping":[{"id":"-str-profile","name":"Structures: Resource Profiles","description":"These define constraints on FHIR resources for systems conforming to this implementation guide"},{"id":"-str-extension","name":"Structures: Extension Definitions","description":"These define constraints on FHIR data types for systems conforming to this implementation guide"},{"id":"-term-valueset","name":"Terminology: Value Sets","description":"These define sets of codes used by systems conforming to this implementation guide"},{"id":"-term-codesystem","name":"Terminology: Code Systems","description":"These define new code systems used by systems conforming to this implementation guide"}],"resource":[{"extension":[{"url":"http://hl7.org/fhir/StructureDefinition/implementationguide-page","valueUri":"StructureDefinition-nilar-diagnostic-report.html"}],"reference":{"reference":"StructureDefinition/nilar-diagnostic-report"},"name":"NilarDiagnosticReport","description":"DiagnosticReport for use in Nilar to accomodate laboratory reports received using http://www.kith.no/xmlstds/labsvar/2012-02-15, v1.3 and v1.4.","exampleBoolean":false,"groupingId":"-str-profile"},{"extension":[{"url":"http://hl7.org/fhir/StructureDefinition/implementationguide-page","valueUri":"StructureDefinition-nilar-observation.html"}],"reference":{"reference":"StructureDefinition/nilar-observation"},"name":"NilarObservation","description":"Observation as used in Nilar, referenced from NilarDiagnosticReport.","exampleBoolean":false,"groupingId":"-str-profile"},{"extension":[{"url":"http://hl7.org/fhir/StructureDefinition/implementationguide-page","valueUri":"StructureDefinition-nilar-practitioner-role.html"}],"reference":{"reference":"StructureDefinition/nilar-practitioner-role"},"name":"NilarPractitionerRole","description":"PractitionerRole as used in Nilar. Used to combine actors of type Practitioner and Organization. Practitioner and Organization are referenced by their Identifier.","exampleBoolean":false,"groupingId":"-str-profile"},{"extension":[{"url":"http://hl7.org/fhir/StructureDefinition/implementationguide-page","valueUri":"StructureDefinition-nilar-service-request.html"}],"reference":{"reference":"StructureDefinition/nilar-service-request"},"name":"NilarServiceRequest","description":"ServiceRecuest as used in Nilar, referenced from NilarDiagnosticReport.","exampleBoolean":false,"groupingId":"-str-profile"},{"extension":[{"url":"http://hl7.org/fhir/StructureDefinition/implementationguide-page","valueUri":"StructureDefinition-nilar-specimen.html"}],"reference":{"reference":"StructureDefinition/nilar-specimen"},"name":"NilarSpecimen","description":"Specimen as used in Nilar, referenced from NilarDiagnosticReport and NilarObservation.","exampleBoolean":false,"groupingId":"-str-profile"},{"extension":[{"url":"http://hl7.org/fhir/StructureDefinition/implementationguide-page","valueUri":"StructureDefinition-nilar-accredited.html"}],"reference":{"reference":"StructureDefinition/nilar-accredited"},"name":"Accredited","description":"Used to indicate if the party involved has accreditation for aquiring the specimen or perfoing the analysis in question.","exampleBoolean":false,"groupingId":"-str-extension"},{"extension":[{"url":"http://hl7.org/fhir/StructureDefinition/implementationguide-page","valueUri":"StructureDefinition-nilar-comment.html"}],"reference":{"reference":"StructureDefinition/nilar-comment"},"name":"Comment","description":"This extension is intended to add an element similar to 'Note' in resources that do not have Note.","exampleBoolean":false,"groupingId":"-str-extension"},{"extension":[{"url":"http://hl7.org/fhir/StructureDefinition/implementationguide-page","valueUri":"StructureDefinition-nilar-diagnostic-report-ref.html"}],"reference":{"reference":"StructureDefinition/nilar-diagnostic-report-ref"},"name":"Diagnostic Report Ref","description":"In Nilar the origin of observations is a report. This extension is used to create a reference form each observation back to the report of origin.","exampleBoolean":false,"groupingId":"-str-extension"},{"extension":[{"url":"http://hl7.org/fhir/StructureDefinition/implementationguide-page","valueUri":"StructureDefinition-nilar-history.html"}],"reference":{"reference":"StructureDefinition/nilar-history"},"name":"History","description":"Indicates if an observation (or possibly awhole report) is 'history', i.e. a copy/repetition af information sent previously.","exampleBoolean":false,"groupingId":"-str-extension"},{"extension":[{"url":"http://hl7.org/fhir/StructureDefinition/implementationguide-page","valueUri":"StructureDefinition-nilar-other-info.html"}],"reference":{"reference":"StructureDefinition/nilar-other-info"},"name":"Other Info","description":"Other info collected from xml for which there is no corresponding element or extension in Fhir.","exampleBoolean":false,"groupingId":"-str-extension"},{"extension":[{"url":"http://hl7.org/fhir/StructureDefinition/implementationguide-page","valueUri":"ValueSet-all-observation-codes-vs.html"}],"reference":{"reference":"ValueSet/all-observation-codes-vs"},"name":"All Observation Codes VS","description":"All codes found in investigation or result. Used in Observation.meta.tag where all codes are accumulated for easy search.","exampleBoolean":false,"groupingId":"-term-valueset"},{"extension":[{"url":"http://hl7.org/fhir/StructureDefinition/implementationguide-page","valueUri":"ValueSet-deviation-indicator-vs.html"}],"reference":{"reference":"ValueSet/deviation-indicator-vs"},"name":"Deviation Indicator VS","description":"Indicates if a numeric observation value is ouside reference boundaries.","exampleBoolean":false,"groupingId":"-term-valueset"},{"extension":[{"url":"http://hl7.org/fhir/StructureDefinition/implementationguide-page","valueUri":"ValueSet-expertise-vs.html"}],"reference":{"reference":"ValueSet/expertise-vs"},"name":"Expertise ValueSet","description":"Expertise of investigation used in producing an Observation.","exampleBoolean":false,"groupingId":"-term-valueset"},{"extension":[{"url":"http://hl7.org/fhir/StructureDefinition/implementationguide-page","valueUri":"ValueSet-id-provider-vs.html"}],"reference":{"reference":"ValueSet/id-provider-vs"},"name":"Id Provider VS","description":"Various resources has one or two identifiers, provided by requester or service provider. These are the naming systems used to represent the origins of the identifiers.","exampleBoolean":false,"groupingId":"-term-valueset"},{"extension":[{"url":"http://hl7.org/fhir/StructureDefinition/implementationguide-page","valueUri":"ValueSet-investigation-id-vs.html"}],"reference":{"reference":"ValueSet/investigation-id-vs"},"name":"Investigation Id VS","description":"Codes used to identify individual investigations leading up to an observation.","exampleBoolean":false,"groupingId":"-term-valueset"},{"extension":[{"url":"http://hl7.org/fhir/StructureDefinition/implementationguide-page","valueUri":"ValueSet-investigation-spec-vs.html"}],"reference":{"reference":"ValueSet/investigation-spec-vs"},"name":"Investigation Spec VS","description":"Codes used to specify individual investigations regarding methods used.","exampleBoolean":false,"groupingId":"-term-valueset"},{"extension":[{"url":"http://hl7.org/fhir/StructureDefinition/implementationguide-page","valueUri":"ValueSet-main-expertise-vs.html"}],"reference":{"reference":"ValueSet/main-expertise-vs"},"name":"Main Expertise VS","description":"The main type of labaratory expertise expressed in a DiagnosticReport.","exampleBoolean":false,"groupingId":"-term-valueset"},{"extension":[{"url":"http://hl7.org/fhir/StructureDefinition/implementationguide-page","valueUri":"ValueSet-observation-result-vs.html"}],"reference":{"reference":"ValueSet/observation-result-vs"},"name":"Observation Result VS","description":"Codes used to convey textual result values.","exampleBoolean":false,"groupingId":"-term-valueset"},{"extension":[{"url":"http://hl7.org/fhir/StructureDefinition/implementationguide-page","valueUri":"ValueSet-organization-it-type-vs.html"}],"reference":{"reference":"ValueSet/organization-it-type-vs"},"name":"Organization It Type VS","description":"Id types for organizations involved in DiagnosticReport/Observation","exampleBoolean":false,"groupingId":"-term-valueset"},{"extension":[{"url":"http://hl7.org/fhir/StructureDefinition/implementationguide-page","valueUri":"ValueSet-person-id-type-vs.html"}],"reference":{"reference":"ValueSet/person-id-type-vs"},"name":"Person Id Type VS","description":"Id types used to identify persons involved, other than the patient.","exampleBoolean":false,"groupingId":"-term-valueset"},{"extension":[{"url":"http://hl7.org/fhir/StructureDefinition/implementationguide-page","valueUri":"ValueSet-public-it-type-vs.html"}],"reference":{"reference":"ValueSet/public-it-type-vs"},"name":"PublicIdType_VS","description":"Id types used to identify patients","exampleBoolean":false,"groupingId":"-term-valueset"},{"extension":[{"url":"http://hl7.org/fhir/StructureDefinition/implementationguide-page","valueUri":"ValueSet-request-reason-vs.html"}],"reference":{"reference":"ValueSet/request-reason-vs"},"name":"Request Reason VS","description":"Type of text reply, indicates reason for request.","exampleBoolean":false,"groupingId":"-term-valueset"},{"extension":[{"url":"http://hl7.org/fhir/StructureDefinition/implementationguide-page","valueUri":"ValueSet-specimen-type-vs.html"}],"reference":{"reference":"ValueSet/specimen-type-vs"},"name":"Specimen Type VS","description":"Type og material in specimen.","exampleBoolean":false,"groupingId":"-term-valueset"},{"extension":[{"url":"http://hl7.org/fhir/StructureDefinition/implementationguide-page","valueUri":"ValueSet-typeof-diagnostic-report-vs.html"}],"reference":{"reference":"ValueSet/typeof-diagnostic-report-vs"},"name":"Type of diagnostic report","description":"Type of diagnostic report, indication the kind of tests/procedures performed in a DiagnosticReport.","exampleBoolean":false,"groupingId":"-term-valueset"},{"extension":[{"url":"http://hl7.org/fhir/StructureDefinition/implementationguide-page","valueUri":"CodeSystem-id-provider-cs.html"}],"reference":{"reference":"CodeSystem/id-provider-cs"},"name":"Id Provider CS","description":"Various resources has one or two identifiers, provided by requester or service provider. These are the naming systems used to represent the origins of the identifiers.","exampleBoolean":false,"groupingId":"-term-codesystem"},{"extension":[{"url":"http://hl7.org/fhir/StructureDefinition/implementationguide-page","valueUri":"CodeSystem-organization-id-type-cs.html"}],"reference":{"reference":"CodeSystem/organization-id-type-cs"},"name":"Organization Id Type CS","exampleBoolean":false,"groupingId":"-term-codesystem"},{"extension":[{"url":"http://hl7.org/fhir/StructureDefinition/implementationguide-page","valueUri":"CodeSystem-person-id-type-cs.html"}],"reference":{"reference":"CodeSystem/person-id-type-cs"},"name":"Person Id Type CS","description":"Id types used to identify persons involved, other than the patient.","exampleBoolean":false,"groupingId":"-term-codesystem"},{"extension":[{"url":"http://hl7.org/fhir/StructureDefinition/implementationguide-page","valueUri":"CodeSystem-public-id-type-cs.html"}],"reference":{"reference":"CodeSystem/public-id-type-cs"},"name":"Public Id Type CS","description":"Id types used to identify patients","exampleBoolean":false,"groupingId":"-term-codesystem"}],"page":{"extension":[{"url":"http://hl7.org/fhir/tools/StructureDefinition/ig-page-name","valueUrl":"toc.html"}],"nameUrl":"toc.html","title":"Table of Contents","generation":"html","page":[{"extension":[{"url":"http://hl7.org/fhir/tools/StructureDefinition/ig-page-name","valueUrl":"index.html"}],"nameUrl":"index.html","title":"Home","generation":"markdown"},{"extension":[{"url":"http://hl7.org/fhir/tools/StructureDefinition/ig-page-name","valueUrl":"artifacts.html"}],"nameUrl":"artifacts.html","title":"Artifacts Summary","generation":"html","page":[{"extension":[{"url":"http://hl7.org/fhir/tools/StructureDefinition/ig-page-name","valueUrl":"StructureDefinition-nilar-diagnostic-report.html"}],"nameUrl":"StructureDefinition-nilar-diagnostic-report.html","title":"NilarDiagnosticReport","generation":"generated"},{"extension":[{"url":"http://hl7.org/fhir/tools/StructureDefinition/ig-page-name","valueUrl":"StructureDefinition-nilar-observation.html"}],"nameUrl":"StructureDefinition-nilar-observation.html","title":"NilarObservation","generation":"generated"},{"extension":[{"url":"http://hl7.org/fhir/tools/StructureDefinition/ig-page-name","valueUrl":"StructureDefinition-nilar-practitioner-role.html"}],"nameUrl":"StructureDefinition-nilar-practitioner-role.html","title":"NilarPractitionerRole","generation":"generated"},{"extension":[{"url":"http://hl7.org/fhir/tools/StructureDefinition/ig-page-name","valueUrl":"StructureDefinition-nilar-service-request.html"}],"nameUrl":"StructureDefinition-nilar-service-request.html","title":"NilarServiceRequest","generation":"generated"},{"extension":[{"url":"http://hl7.org/fhir/tools/StructureDefinition/ig-page-name","valueUrl":"StructureDefinition-nilar-specimen.html"}],"nameUrl":"StructureDefinition-nilar-specimen.html","title":"NilarSpecimen","generation":"generated"},{"extension":[{"url":"http://hl7.org/fhir/tools/StructureDefinition/ig-page-name","valueUrl":"StructureDefinition-nilar-accredited.html"}],"nameUrl":"StructureDefinition-nilar-accredited.html","title":"Accredited","generation":"generated"},{"extension":[{"url":"http://hl7.org/fhir/tools/StructureDefinition/ig-page-name","valueUrl":"StructureDefinition-nilar-comment.html"}],"nameUrl":"StructureDefinition-nilar-comment.html","title":"Comment","generation":"generated"},{"extension":[{"url":"http://hl7.org/fhir/tools/StructureDefinition/ig-page-name","valueUrl":"StructureDefinition-nilar-diagnostic-report-ref.html"}],"nameUrl":"StructureDefinition-nilar-diagnostic-report-ref.html","title":"Diagnostic Report Ref","generation":"generated"},{"extension":[{"url":"http://hl7.org/fhir/tools/StructureDefinition/ig-page-name","valueUrl":"StructureDefinition-nilar-history.html"}],"nameUrl":"StructureDefinition-nilar-history.html","title":"History","generation":"generated"},{"extension":[{"url":"http://hl7.org/fhir/tools/StructureDefinition/ig-page-name","valueUrl":"StructureDefinition-nilar-other-info.html"}],"nameUrl":"StructureDefinition-nilar-other-info.html","title":"Other Info","generation":"generated"},{"extension":[{"url":"http://hl7.org/fhir/tools/StructureDefinition/ig-page-name","valueUrl":"ValueSet-all-observation-codes-vs.html"}],"nameUrl":"ValueSet-all-observation-codes-vs.html","title":"All Observation Codes VS","generation":"generated"},{"extension":[{"url":"http://hl7.org/fhir/tools/StructureDefinition/ig-page-name","valueUrl":"ValueSet-deviation-indicator-vs.html"}],"nameUrl":"ValueSet-deviation-indicator-vs.html","title":"Deviation Indicator VS","generation":"generated"},{"extension":[{"url":"http://hl7.org/fhir/tools/StructureDefinition/ig-page-name","valueUrl":"ValueSet-expertise-vs.html"}],"nameUrl":"ValueSet-expertise-vs.html","title":"Expertise ValueSet","generation":"generated"},{"extension":[{"url":"http://hl7.org/fhir/tools/StructureDefinition/ig-page-name","valueUrl":"ValueSet-id-provider-vs.html"}],"nameUrl":"ValueSet-id-provider-vs.html","title":"Id Provider VS","generation":"generated"},{"extension":[{"url":"http://hl7.org/fhir/tools/StructureDefinition/ig-page-name","valueUrl":"ValueSet-investigation-id-vs.html"}],"nameUrl":"ValueSet-investigation-id-vs.html","title":"Investigation Id VS","generation":"generated"},{"extension":[{"url":"http://hl7.org/fhir/tools/StructureDefinition/ig-page-name","valueUrl":"ValueSet-investigation-spec-vs.html"}],"nameUrl":"ValueSet-investigation-spec-vs.html","title":"Investigation Spec VS","generation":"generated"},{"extension":[{"url":"http://hl7.org/fhir/tools/StructureDefinition/ig-page-name","valueUrl":"ValueSet-main-expertise-vs.html"}],"nameUrl":"ValueSet-main-expertise-vs.html","title":"Main Expertise VS","generation":"generated"},{"extension":[{"url":"http://hl7.org/fhir/tools/StructureDefinition/ig-page-name","valueUrl":"ValueSet-observation-result-vs.html"}],"nameUrl":"ValueSet-observation-result-vs.html","title":"Observation Result VS","generation":"generated"},{"extension":[{"url":"http://hl7.org/fhir/tools/StructureDefinition/ig-page-name","valueUrl":"ValueSet-organization-it-type-vs.html"}],"nameUrl":"ValueSet-organization-it-type-vs.html","title":"Organization It Type VS","generation":"generated"},{"extension":[{"url":"http://hl7.org/fhir/tools/StructureDefinition/ig-page-name","valueUrl":"ValueSet-person-id-type-vs.html"}],"nameUrl":"ValueSet-person-id-type-vs.html","title":"Person Id Type VS","generation":"generated"},{"extension":[{"url":"http://hl7.org/fhir/tools/StructureDefinition/ig-page-name","valueUrl":"ValueSet-public-it-type-vs.html"}],"nameUrl":"ValueSet-public-it-type-vs.html","title":"PublicIdType_VS","generation":"generated"},{"extension":[{"url":"http://hl7.org/fhir/tools/StructureDefinition/ig-page-name","valueUrl":"ValueSet-request-reason-vs.html"}],"nameUrl":"ValueSet-request-reason-vs.html","title":"Request Reason VS","generation":"generated"},{"extension":[{"url":"http://hl7.org/fhir/tools/StructureDefinition/ig-page-name","valueUrl":"ValueSet-specimen-type-vs.html"}],"nameUrl":"ValueSet-specimen-type-vs.html","title":"Specimen Type VS","generation":"generated"},{"extension":[{"url":"http://hl7.org/fhir/tools/StructureDefinition/ig-page-name","valueUrl":"ValueSet-typeof-diagnostic-report-vs.html"}],"nameUrl":"ValueSet-typeof-diagnostic-report-vs.html","title":"Type of diagnostic report","generation":"generated"},{"extension":[{"url":"http://hl7.org/fhir/tools/StructureDefinition/ig-page-name","valueUrl":"CodeSystem-id-provider-cs.html"}],"nameUrl":"CodeSystem-id-provider-cs.html","title":"Id Provider CS","generation":"generated"},{"extension":[{"url":"http://hl7.org/fhir/tools/StructureDefinition/ig-page-name","valueUrl":"CodeSystem-organization-id-type-cs.html"}],"nameUrl":"CodeSystem-organization-id-type-cs.html","title":"Organization Id Type CS","generation":"generated"},{"extension":[{"url":"http://hl7.org/fhir/tools/StructureDefinition/ig-page-name","valueUrl":"CodeSystem-person-id-type-cs.html"}],"nameUrl":"CodeSystem-person-id-type-cs.html","title":"Person Id Type CS","generation":"generated"},{"extension":[{"url":"http://hl7.org/fhir/tools/StructureDefinition/ig-page-name","valueUrl":"CodeSystem-public-id-type-cs.html"}],"nameUrl":"CodeSystem-public-id-type-cs.html","title":"Public Id Type CS","generation":"generated"}]}]},"parameter":[{"code":"path-resource","value":"input/capabilities"},{"code":"path-resource","value":"input/examples"},{"code":"path-resource","value":"input/extensions"},{"code":"path-resource","value":"input/models"},{"code":"path-resource","value":"input/operations"},{"code":"path-resource","value":"input/profiles"},{"code":"path-resource","value":"input/resources"},{"code":"path-resource","value":"input/vocabulary"},{"code":"path-resource","value":"input/maps"},{"code":"path-resource","value":"input/testing"},{"code":"path-resource","value":"input/history"},{"code":"path-resource","value":"fsh-generated/resources"},{"code":"path-pages","value":"template/config"},{"code":"path-pages","value":"input/images"},{"code":"path-tx-cache","value":"input-cache/txcache"}]}}