{"resourceType":"ImplementationGuide","id":"diagnostic.report.nilar","text":{"status":"extensions","div":"<div xmlns=\"http://www.w3.org/1999/xhtml\"><h2>DiagnosticReportIG</h2><p>The official URL for this implementation guide is: </p><pre>http://nhn.no/fhir/nilar/ImplementationGuide/diagnostic.report.nilar</pre></div>"},"url":"http://nhn.no/fhir/nilar/ImplementationGuide/diagnostic.report.nilar","version":"1.3.0","name":"DiagnosticReportIG","status":"active","date":"2023-08-30T12:04:38+00:00","publisher":"Norsk helsenett - Nilar","contact":[{"name":"Norsk helsenett - Nilar","telecom":[{"system":"url","value":"https://www.nhn.no"}]}],"packageId":"diagnostic.report.nilar","license":"CC0-1.0","fhirVersion":["4.0.1"],"dependsOn":[{"id":"hl7tx","extension":[{"url":"http://hl7.org/fhir/tools/StructureDefinition/implementationguide-dependency-comment","valueMarkdown":"Automatically added as a dependency - all IGs depend on HL7 Terminology"}],"uri":"http://terminology.hl7.org/ImplementationGuide/hl7.terminology","packageId":"hl7.terminology.r4","version":"5.0.0"},{"id":"hl7ext","extension":[{"url":"http://hl7.org/fhir/tools/StructureDefinition/implementationguide-dependency-comment","valueMarkdown":"Automatically added as a dependency - all IGs depend on the HL7 Extension Pack"}],"uri":"http://hl7.org/fhir/extensions/ImplementationGuide/hl7.fhir.uv.extensions","packageId":"hl7.fhir.uv.extensions.r4","version":"1.0.0"},{"id":"hl7_fhir_no_basis","uri":"http://hl7.no/fhir/","packageId":"hl7.fhir.no.basis","version":"2.1.2-beta"}],"definition":{"extension":[{"extension":[{"url":"code","valueString":"copyrightyear"},{"url":"value","valueString":"2022+"}],"url":"http://hl7.org/fhir/tools/StructureDefinition/ig-parameter"},{"extension":[{"url":"code","valueString":"releaselabel"},{"url":"value","valueString":"ci-build"}],"url":"http://hl7.org/fhir/tools/StructureDefinition/ig-parameter"},{"extension":[{"url":"code","valueString":"show-inherited-invariants"},{"url":"value","valueString":"false"}],"url":"http://hl7.org/fhir/tools/StructureDefinition/ig-parameter"},{"extension":[{"url":"code","valueString":"autoload-resources"},{"url":"value","valueString":"true"}],"url":"http://hl7.org/fhir/tools/StructureDefinition/ig-parameter"},{"extension":[{"url":"code","valueString":"path-liquid"},{"url":"value","valueString":"template/liquid"}],"url":"http://hl7.org/fhir/tools/StructureDefinition/ig-parameter"},{"extension":[{"url":"code","valueString":"path-liquid"},{"url":"value","valueString":"input/liquid"}],"url":"http://hl7.org/fhir/tools/StructureDefinition/ig-parameter"},{"extension":[{"url":"code","valueString":"path-qa"},{"url":"value","valueString":"temp/qa"}],"url":"http://hl7.org/fhir/tools/StructureDefinition/ig-parameter"},{"extension":[{"url":"code","valueString":"path-temp"},{"url":"value","valueString":"temp/pages"}],"url":"http://hl7.org/fhir/tools/StructureDefinition/ig-parameter"},{"extension":[{"url":"code","valueString":"path-output"},{"url":"value","valueString":"output"}],"url":"http://hl7.org/fhir/tools/StructureDefinition/ig-parameter"},{"extension":[{"url":"code","valueString":"path-suppressed-warnings"},{"url":"value","valueString":"input/ignoreWarnings.txt"}],"url":"http://hl7.org/fhir/tools/StructureDefinition/ig-parameter"},{"extension":[{"url":"code","valueString":"path-history"},{"url":"value","valueString":"http://nhn.no/fhir/nilar/history.html"}],"url":"http://hl7.org/fhir/tools/StructureDefinition/ig-parameter"},{"extension":[{"url":"code","valueString":"template-html"},{"url":"value","valueString":"template-page.html"}],"url":"http://hl7.org/fhir/tools/StructureDefinition/ig-parameter"},{"extension":[{"url":"code","valueString":"template-md"},{"url":"value","valueString":"template-page-md.html"}],"url":"http://hl7.org/fhir/tools/StructureDefinition/ig-parameter"},{"extension":[{"url":"code","valueString":"apply-contact"},{"url":"value","valueString":"true"}],"url":"http://hl7.org/fhir/tools/StructureDefinition/ig-parameter"},{"extension":[{"url":"code","valueString":"apply-context"},{"url":"value","valueString":"true"}],"url":"http://hl7.org/fhir/tools/StructureDefinition/ig-parameter"},{"extension":[{"url":"code","valueString":"apply-copyright"},{"url":"value","valueString":"true"}],"url":"http://hl7.org/fhir/tools/StructureDefinition/ig-parameter"},{"extension":[{"url":"code","valueString":"apply-jurisdiction"},{"url":"value","valueString":"true"}],"url":"http://hl7.org/fhir/tools/StructureDefinition/ig-parameter"},{"extension":[{"url":"code","valueString":"apply-license"},{"url":"value","valueString":"true"}],"url":"http://hl7.org/fhir/tools/StructureDefinition/ig-parameter"},{"extension":[{"url":"code","valueString":"apply-publisher"},{"url":"value","valueString":"true"}],"url":"http://hl7.org/fhir/tools/StructureDefinition/ig-parameter"},{"extension":[{"url":"code","valueString":"apply-version"},{"url":"value","valueString":"true"}],"url":"http://hl7.org/fhir/tools/StructureDefinition/ig-parameter"},{"extension":[{"url":"code","valueString":"active-tables"},{"url":"value","valueString":"true"}],"url":"http://hl7.org/fhir/tools/StructureDefinition/ig-parameter"},{"extension":[{"url":"code","valueString":"fmm-definition"},{"url":"value","valueString":"http://hl7.org/fhir/versions.html#maturity"}],"url":"http://hl7.org/fhir/tools/StructureDefinition/ig-parameter"},{"extension":[{"url":"code","valueString":"propagate-status"},{"url":"value","valueString":"true"}],"url":"http://hl7.org/fhir/tools/StructureDefinition/ig-parameter"},{"extension":[{"url":"code","valueString":"excludelogbinaryformat"},{"url":"value","valueString":"true"}],"url":"http://hl7.org/fhir/tools/StructureDefinition/ig-parameter"},{"extension":[{"url":"code","valueString":"tabbed-snapshots"},{"url":"value","valueString":"true"}],"url":"http://hl7.org/fhir/tools/StructureDefinition/ig-parameter"},{"url":"http://hl7.org/fhir/tools/StructureDefinition/ig-internal-dependency","valueCode":"hl7.fhir.uv.tools#current"},{"extension":[{"url":"code","valueCode":"copyrightyear"},{"url":"value","valueString":"2022+"}],"url":"http://hl7.org/fhir/tools/StructureDefinition/ig-parameter"},{"extension":[{"url":"code","valueCode":"releaselabel"},{"url":"value","valueString":"ci-build"}],"url":"http://hl7.org/fhir/tools/StructureDefinition/ig-parameter"},{"extension":[{"url":"code","valueCode":"show-inherited-invariants"},{"url":"value","valueString":"false"}],"url":"http://hl7.org/fhir/tools/StructureDefinition/ig-parameter"},{"extension":[{"url":"code","valueCode":"autoload-resources"},{"url":"value","valueString":"true"}],"url":"http://hl7.org/fhir/tools/StructureDefinition/ig-parameter"},{"extension":[{"url":"code","valueCode":"path-liquid"},{"url":"value","valueString":"template/liquid"}],"url":"http://hl7.org/fhir/tools/StructureDefinition/ig-parameter"},{"extension":[{"url":"code","valueCode":"path-liquid"},{"url":"value","valueString":"input/liquid"}],"url":"http://hl7.org/fhir/tools/StructureDefinition/ig-parameter"},{"extension":[{"url":"code","valueCode":"path-qa"},{"url":"value","valueString":"temp/qa"}],"url":"http://hl7.org/fhir/tools/StructureDefinition/ig-parameter"},{"extension":[{"url":"code","valueCode":"path-temp"},{"url":"value","valueString":"temp/pages"}],"url":"http://hl7.org/fhir/tools/StructureDefinition/ig-parameter"},{"extension":[{"url":"code","valueCode":"path-output"},{"url":"value","valueString":"output"}],"url":"http://hl7.org/fhir/tools/StructureDefinition/ig-parameter"},{"extension":[{"url":"code","valueCode":"path-suppressed-warnings"},{"url":"value","valueString":"input/ignoreWarnings.txt"}],"url":"http://hl7.org/fhir/tools/StructureDefinition/ig-parameter"},{"extension":[{"url":"code","valueCode":"path-history"},{"url":"value","valueString":"http://nhn.no/fhir/nilar/history.html"}],"url":"http://hl7.org/fhir/tools/StructureDefinition/ig-parameter"},{"extension":[{"url":"code","valueCode":"template-html"},{"url":"value","valueString":"template-page.html"}],"url":"http://hl7.org/fhir/tools/StructureDefinition/ig-parameter"},{"extension":[{"url":"code","valueCode":"template-md"},{"url":"value","valueString":"template-page-md.html"}],"url":"http://hl7.org/fhir/tools/StructureDefinition/ig-parameter"},{"extension":[{"url":"code","valueCode":"apply-contact"},{"url":"value","valueString":"true"}],"url":"http://hl7.org/fhir/tools/StructureDefinition/ig-parameter"},{"extension":[{"url":"code","valueCode":"apply-context"},{"url":"value","valueString":"true"}],"url":"http://hl7.org/fhir/tools/StructureDefinition/ig-parameter"},{"extension":[{"url":"code","valueCode":"apply-copyright"},{"url":"value","valueString":"true"}],"url":"http://hl7.org/fhir/tools/StructureDefinition/ig-parameter"},{"extension":[{"url":"code","valueCode":"apply-jurisdiction"},{"url":"value","valueString":"true"}],"url":"http://hl7.org/fhir/tools/StructureDefinition/ig-parameter"},{"extension":[{"url":"code","valueCode":"apply-license"},{"url":"value","valueString":"true"}],"url":"http://hl7.org/fhir/tools/StructureDefinition/ig-parameter"},{"extension":[{"url":"code","valueCode":"apply-publisher"},{"url":"value","valueString":"true"}],"url":"http://hl7.org/fhir/tools/StructureDefinition/ig-parameter"},{"extension":[{"url":"code","valueCode":"apply-version"},{"url":"value","valueString":"true"}],"url":"http://hl7.org/fhir/tools/StructureDefinition/ig-parameter"},{"extension":[{"url":"code","valueCode":"active-tables"},{"url":"value","valueString":"true"}],"url":"http://hl7.org/fhir/tools/StructureDefinition/ig-parameter"},{"extension":[{"url":"code","valueCode":"fmm-definition"},{"url":"value","valueString":"http://hl7.org/fhir/versions.html#maturity"}],"url":"http://hl7.org/fhir/tools/StructureDefinition/ig-parameter"},{"extension":[{"url":"code","valueCode":"propagate-status"},{"url":"value","valueString":"true"}],"url":"http://hl7.org/fhir/tools/StructureDefinition/ig-parameter"},{"extension":[{"url":"code","valueCode":"excludelogbinaryformat"},{"url":"value","valueString":"true"}],"url":"http://hl7.org/fhir/tools/StructureDefinition/ig-parameter"},{"extension":[{"url":"code","valueCode":"tabbed-snapshots"},{"url":"value","valueString":"true"}],"url":"http://hl7.org/fhir/tools/StructureDefinition/ig-parameter"},{"extension":[{"url":"code","valueCode":"copyrightyear"},{"url":"value","valueString":"2022+"}],"url":"http://hl7.org/fhir/tools/StructureDefinition/ig-parameter"},{"extension":[{"url":"code","valueCode":"releaselabel"},{"url":"value","valueString":"ci-build"}],"url":"http://hl7.org/fhir/tools/StructureDefinition/ig-parameter"},{"extension":[{"url":"code","valueCode":"show-inherited-invariants"},{"url":"value","valueString":"false"}],"url":"http://hl7.org/fhir/tools/StructureDefinition/ig-parameter"},{"extension":[{"url":"code","valueCode":"autoload-resources"},{"url":"value","valueString":"true"}],"url":"http://hl7.org/fhir/tools/StructureDefinition/ig-parameter"},{"extension":[{"url":"code","valueCode":"path-liquid"},{"url":"value","valueString":"template/liquid"}],"url":"http://hl7.org/fhir/tools/StructureDefinition/ig-parameter"},{"extension":[{"url":"code","valueCode":"path-liquid"},{"url":"value","valueString":"input/liquid"}],"url":"http://hl7.org/fhir/tools/StructureDefinition/ig-parameter"},{"extension":[{"url":"code","valueCode":"path-qa"},{"url":"value","valueString":"temp/qa"}],"url":"http://hl7.org/fhir/tools/StructureDefinition/ig-parameter"},{"extension":[{"url":"code","valueCode":"path-temp"},{"url":"value","valueString":"temp/pages"}],"url":"http://hl7.org/fhir/tools/StructureDefinition/ig-parameter"},{"extension":[{"url":"code","valueCode":"path-output"},{"url":"value","valueString":"output"}],"url":"http://hl7.org/fhir/tools/StructureDefinition/ig-parameter"},{"extension":[{"url":"code","valueCode":"path-suppressed-warnings"},{"url":"value","valueString":"input/ignoreWarnings.txt"}],"url":"http://hl7.org/fhir/tools/StructureDefinition/ig-parameter"},{"extension":[{"url":"code","valueCode":"path-history"},{"url":"value","valueString":"http://nhn.no/fhir/nilar/history.html"}],"url":"http://hl7.org/fhir/tools/StructureDefinition/ig-parameter"},{"extension":[{"url":"code","valueCode":"template-html"},{"url":"value","valueString":"template-page.html"}],"url":"http://hl7.org/fhir/tools/StructureDefinition/ig-parameter"},{"extension":[{"url":"code","valueCode":"template-md"},{"url":"value","valueString":"template-page-md.html"}],"url":"http://hl7.org/fhir/tools/StructureDefinition/ig-parameter"},{"extension":[{"url":"code","valueCode":"apply-contact"},{"url":"value","valueString":"true"}],"url":"http://hl7.org/fhir/tools/StructureDefinition/ig-parameter"},{"extension":[{"url":"code","valueCode":"apply-context"},{"url":"value","valueString":"true"}],"url":"http://hl7.org/fhir/tools/StructureDefinition/ig-parameter"},{"extension":[{"url":"code","valueCode":"apply-copyright"},{"url":"value","valueString":"true"}],"url":"http://hl7.org/fhir/tools/StructureDefinition/ig-parameter"},{"extension":[{"url":"code","valueCode":"apply-jurisdiction"},{"url":"value","valueString":"true"}],"url":"http://hl7.org/fhir/tools/StructureDefinition/ig-parameter"},{"extension":[{"url":"code","valueCode":"apply-license"},{"url":"value","valueString":"true"}],"url":"http://hl7.org/fhir/tools/StructureDefinition/ig-parameter"},{"extension":[{"url":"code","valueCode":"apply-publisher"},{"url":"value","valueString":"true"}],"url":"http://hl7.org/fhir/tools/StructureDefinition/ig-parameter"},{"extension":[{"url":"code","valueCode":"apply-version"},{"url":"value","valueString":"true"}],"url":"http://hl7.org/fhir/tools/StructureDefinition/ig-parameter"},{"extension":[{"url":"code","valueCode":"active-tables"},{"url":"value","valueString":"true"}],"url":"http://hl7.org/fhir/tools/StructureDefinition/ig-parameter"},{"extension":[{"url":"code","valueCode":"fmm-definition"},{"url":"value","valueString":"http://hl7.org/fhir/versions.html#maturity"}],"url":"http://hl7.org/fhir/tools/StructureDefinition/ig-parameter"},{"extension":[{"url":"code","valueCode":"propagate-status"},{"url":"value","valueString":"true"}],"url":"http://hl7.org/fhir/tools/StructureDefinition/ig-parameter"},{"extension":[{"url":"code","valueCode":"excludelogbinaryformat"},{"url":"value","valueString":"true"}],"url":"http://hl7.org/fhir/tools/StructureDefinition/ig-parameter"},{"extension":[{"url":"code","valueCode":"tabbed-snapshots"},{"url":"value","valueString":"true"}],"url":"http://hl7.org/fhir/tools/StructureDefinition/ig-parameter"}],"grouping":[{"id":"-str-profile","name":"Structures: Resource Profiles","description":"These define constraints on FHIR resources for systems conforming to this implementation guide."},{"id":"-str-extension","name":"Structures: Extension Definitions","description":"These define constraints on FHIR data types for systems conforming to this implementation guide."},{"id":"-term-valueset","name":"Terminology: Value Sets","description":"These define sets of codes used by systems conforming to this implementation guide."},{"id":"-term-codesystem","name":"Terminology: Code Systems","description":"These define new code systems used by systems conforming to this implementation guide."}],"resource":[{"extension":[{"url":"http://hl7.org/fhir/tools/StructureDefinition/resource-sort","valueInteger":999999999},{"url":"http://hl7.org/fhir/StructureDefinition/implementationguide-page","valueUri":"StructureDefinition-nilar-diagnostic-report.html"}],"reference":{"reference":"StructureDefinition/nilar-diagnostic-report"},"name":"NilarDiagnosticReport","description":"DiagnosticReport for use in Nilar to accomodate laboratory reports received using http://www.kith.no/xmlstds/labsvar/2012-02-15, v1.3 and v1.4.","exampleBoolean":false,"groupingId":"-str-profile"},{"extension":[{"url":"http://hl7.org/fhir/tools/StructureDefinition/resource-sort","valueInteger":999999999},{"url":"http://hl7.org/fhir/StructureDefinition/implementationguide-page","valueUri":"StructureDefinition-nilar-observation.html"}],"reference":{"reference":"StructureDefinition/nilar-observation"},"name":"NilarObservation","description":"Observation as used in Nilar, referenced from NilarDiagnosticReport.","exampleBoolean":false,"groupingId":"-str-profile"},{"extension":[{"url":"http://hl7.org/fhir/tools/StructureDefinition/resource-sort","valueInteger":999999999},{"url":"http://hl7.org/fhir/StructureDefinition/implementationguide-page","valueUri":"StructureDefinition-nilar-operation-outcome.html"}],"reference":{"reference":"StructureDefinition/nilar-operation-outcome"},"name":"NilarOperationOutcome","description":"OperationOutcome used to bring feedback to client. It has some particular used for informing about privacy settings that might influence query results.","exampleBoolean":false,"groupingId":"-str-profile"},{"extension":[{"url":"http://hl7.org/fhir/tools/StructureDefinition/resource-sort","valueInteger":999999999},{"url":"http://hl7.org/fhir/StructureDefinition/implementationguide-page","valueUri":"StructureDefinition-nilar-practitioner-role.html"}],"reference":{"reference":"StructureDefinition/nilar-practitioner-role"},"name":"NilarPractitionerRole","description":"PractitionerRole as used in Nilar. Used to combine actors of type Practitioner and Organization. Practitioner and Organization are referenced by their Identifier.","exampleBoolean":false,"groupingId":"-str-profile"},{"extension":[{"url":"http://hl7.org/fhir/tools/StructureDefinition/resource-sort","valueInteger":999999999},{"url":"http://hl7.org/fhir/StructureDefinition/implementationguide-page","valueUri":"StructureDefinition-nilar-service-request.html"}],"reference":{"reference":"StructureDefinition/nilar-service-request"},"name":"NilarServiceRequest","description":"ServiceRecuest as used in Nilar, referenced from NilarDiagnosticReport.","exampleBoolean":false,"groupingId":"-str-profile"},{"extension":[{"url":"http://hl7.org/fhir/tools/StructureDefinition/resource-sort","valueInteger":999999999},{"url":"http://hl7.org/fhir/StructureDefinition/implementationguide-page","valueUri":"StructureDefinition-nilar-specimen.html"}],"reference":{"reference":"StructureDefinition/nilar-specimen"},"name":"NilarSpecimen","description":"Specimen as used in Nilar, referenced from NilarDiagnosticReport and NilarObservation.","exampleBoolean":false,"groupingId":"-str-profile"},{"extension":[{"url":"http://hl7.org/fhir/tools/StructureDefinition/resource-sort","valueInteger":999999999},{"url":"http://hl7.org/fhir/StructureDefinition/implementationguide-page","valueUri":"StructureDefinition-nilar-accredited.html"}],"reference":{"reference":"StructureDefinition/nilar-accredited"},"name":"Accredited","description":"Used to indicate if the party involved has accreditation for aquiring the specimen or perfoing the analysis in question.","exampleBoolean":false,"groupingId":"-str-extension"},{"extension":[{"url":"http://hl7.org/fhir/tools/StructureDefinition/resource-sort","valueInteger":999999999},{"url":"http://hl7.org/fhir/StructureDefinition/implementationguide-page","valueUri":"StructureDefinition-nilar-approval-date.html"}],"reference":{"reference":"StructureDefinition/nilar-approval-date"},"name":"Approval Date","description":"Time diagnostic report was approved.","exampleBoolean":false,"groupingId":"-str-extension"},{"extension":[{"url":"http://hl7.org/fhir/tools/StructureDefinition/resource-sort","valueInteger":999999999},{"url":"http://hl7.org/fhir/StructureDefinition/implementationguide-page","valueUri":"StructureDefinition-nilar-comment.html"}],"reference":{"reference":"StructureDefinition/nilar-comment"},"name":"Comment","description":"This extension is intended to add an element similar to 'Note' in resources that do not have Note.","exampleBoolean":false,"groupingId":"-str-extension"},{"extension":[{"url":"http://hl7.org/fhir/tools/StructureDefinition/resource-sort","valueInteger":999999999},{"url":"http://hl7.org/fhir/StructureDefinition/implementationguide-page","valueUri":"StructureDefinition-nilar-container-count.html"}],"reference":{"reference":"StructureDefinition/nilar-container-count"},"name":"Container Count","description":"Number of containers or other devices related to a specimen sample.","exampleBoolean":false,"groupingId":"-str-extension"},{"extension":[{"url":"http://hl7.org/fhir/tools/StructureDefinition/resource-sort","valueInteger":999999999},{"url":"http://hl7.org/fhir/StructureDefinition/implementationguide-page","valueUri":"StructureDefinition-nilar-counter-sign-date.html"}],"reference":{"reference":"StructureDefinition/nilar-counter-sign-date"},"name":"Counter Sign Date","description":"Time the investigation was counter signed.","exampleBoolean":false,"groupingId":"-str-extension"},{"extension":[{"url":"http://hl7.org/fhir/tools/StructureDefinition/resource-sort","valueInteger":999999999},{"url":"http://hl7.org/fhir/StructureDefinition/implementationguide-page","valueUri":"StructureDefinition-nilar-description-date.html"}],"reference":{"reference":"StructureDefinition/nilar-description-date"},"name":"Description Date","description":"Time for description of image-based investigation.","exampleBoolean":false,"groupingId":"-str-extension"},{"extension":[{"url":"http://hl7.org/fhir/tools/StructureDefinition/resource-sort","valueInteger":999999999},{"url":"http://hl7.org/fhir/StructureDefinition/implementationguide-page","valueUri":"StructureDefinition-nilar-diagnostic-report-ref.html"}],"reference":{"reference":"StructureDefinition/nilar-diagnostic-report-ref"},"name":"Diagnostic Report Ref","description":"In Nilar the origin of observations is a report. This extension is used to create a reference form each observation back to the report of origin.","exampleBoolean":false,"groupingId":"-str-extension"},{"extension":[{"url":"http://hl7.org/fhir/tools/StructureDefinition/resource-sort","valueInteger":999999999},{"url":"http://hl7.org/fhir/StructureDefinition/implementationguide-page","valueUri":"StructureDefinition-nilar-history.html"}],"reference":{"reference":"StructureDefinition/nilar-history"},"name":"History","description":"Indicates if an observation (or possibly awhole report) is 'history', i.e. a copy/repetition af information sent previously.","exampleBoolean":false,"groupingId":"-str-extension"},{"extension":[{"url":"http://hl7.org/fhir/tools/StructureDefinition/resource-sort","valueInteger":999999999},{"url":"http://hl7.org/fhir/StructureDefinition/implementationguide-page","valueUri":"StructureDefinition-nilar-inf-item.html"}],"reference":{"reference":"StructureDefinition/nilar-inf-item"},"name":"Inf Item","description":"Used on DiagnosticReport to convey clinical information relevant for correct interpretation of the results in the report.","exampleBoolean":false,"groupingId":"-str-extension"},{"extension":[{"url":"http://hl7.org/fhir/tools/StructureDefinition/resource-sort","valueInteger":999999999},{"url":"http://hl7.org/fhir/StructureDefinition/implementationguide-page","valueUri":"StructureDefinition-nilar-inf-item-coded-descr.html"}],"reference":{"reference":"StructureDefinition/nilar-inf-item-coded-descr"},"name":"Inf Item Coded Descr","description":"Coded description of clinical information.","exampleBoolean":false,"groupingId":"-str-extension"},{"extension":[{"url":"http://hl7.org/fhir/tools/StructureDefinition/resource-sort","valueInteger":999999999},{"url":"http://hl7.org/fhir/StructureDefinition/implementationguide-page","valueUri":"StructureDefinition-nilar-inf-item-descr.html"}],"reference":{"reference":"StructureDefinition/nilar-inf-item-descr"},"name":"Inf Item Descr","description":"Description of the clinical information.","exampleBoolean":false,"groupingId":"-str-extension"},{"extension":[{"url":"http://hl7.org/fhir/tools/StructureDefinition/resource-sort","valueInteger":999999999},{"url":"http://hl7.org/fhir/StructureDefinition/implementationguide-page","valueUri":"StructureDefinition-nilar-inf-item-end.html"}],"reference":{"reference":"StructureDefinition/nilar-inf-item-end"},"name":"Inf Item End","description":"End time for clinical information.","exampleBoolean":false,"groupingId":"-str-extension"},{"extension":[{"url":"http://hl7.org/fhir/tools/StructureDefinition/resource-sort","valueInteger":999999999},{"url":"http://hl7.org/fhir/StructureDefinition/implementationguide-page","valueUri":"StructureDefinition-nilar-inf-item-org-time.html"}],"reference":{"reference":"StructureDefinition/nilar-inf-item-org-time"},"name":"Inf Item Org Time","description":"Time of recording the clinical information.","exampleBoolean":false,"groupingId":"-str-extension"},{"extension":[{"url":"http://hl7.org/fhir/tools/StructureDefinition/resource-sort","valueInteger":999999999},{"url":"http://hl7.org/fhir/StructureDefinition/implementationguide-page","valueUri":"StructureDefinition-nilar-inf-item-start.html"}],"reference":{"reference":"StructureDefinition/nilar-inf-item-start"},"name":"Inf Item Start","description":"Start time for clinical information.","exampleBoolean":false,"groupingId":"-str-extension"},{"extension":[{"url":"http://hl7.org/fhir/tools/StructureDefinition/resource-sort","valueInteger":999999999},{"url":"http://hl7.org/fhir/StructureDefinition/implementationguide-page","valueUri":"StructureDefinition-nilar-inf-item-type.html"}],"reference":{"reference":"StructureDefinition/nilar-inf-item-type"},"name":"Inf Item Type","description":"Type of clinical information","exampleBoolean":false,"groupingId":"-str-extension"},{"extension":[{"url":"http://hl7.org/fhir/tools/StructureDefinition/resource-sort","valueInteger":999999999},{"url":"http://hl7.org/fhir/StructureDefinition/implementationguide-page","valueUri":"StructureDefinition-nilar-investigation-date.html"}],"reference":{"reference":"StructureDefinition/nilar-investigation-date"},"name":"Investigation Date","description":"Time the investigation was performed.","exampleBoolean":false,"groupingId":"-str-extension"},{"extension":[{"url":"http://hl7.org/fhir/tools/StructureDefinition/resource-sort","valueInteger":999999999},{"url":"http://hl7.org/fhir/StructureDefinition/implementationguide-page","valueUri":"StructureDefinition-nilar-logistics.html"}],"reference":{"reference":"StructureDefinition/nilar-logistics"},"name":"Logistics","description":"How the sample is being sent.","exampleBoolean":false,"groupingId":"-str-extension"},{"extension":[{"url":"http://hl7.org/fhir/tools/StructureDefinition/resource-sort","valueInteger":999999999},{"url":"http://hl7.org/fhir/StructureDefinition/implementationguide-page","valueUri":"StructureDefinition-nilar-medical-validation-date.html"}],"reference":{"reference":"StructureDefinition/nilar-medical-validation-date"},"name":"Medical Validation Date","description":"Time of medical validation of the investigation.","exampleBoolean":false,"groupingId":"-str-extension"},{"extension":[{"url":"http://hl7.org/fhir/tools/StructureDefinition/resource-sort","valueInteger":999999999},{"url":"http://hl7.org/fhir/StructureDefinition/implementationguide-page","valueUri":"StructureDefinition-nilar-other-info.html"}],"reference":{"reference":"StructureDefinition/nilar-other-info"},"name":"Other Info","description":"Other info collected from xml for which there is no corresponding element or extension in Fhir.","exampleBoolean":false,"groupingId":"-str-extension"},{"extension":[{"url":"http://hl7.org/fhir/tools/StructureDefinition/resource-sort","valueInteger":999999999},{"url":"http://hl7.org/fhir/StructureDefinition/implementationguide-page","valueUri":"StructureDefinition-nilar-payment-category.html"}],"reference":{"reference":"StructureDefinition/nilar-payment-category"},"name":"Payment Category","description":"Who pays for these investigations.","exampleBoolean":false,"groupingId":"-str-extension"},{"extension":[{"url":"http://hl7.org/fhir/tools/StructureDefinition/resource-sort","valueInteger":999999999},{"url":"http://hl7.org/fhir/StructureDefinition/implementationguide-page","valueUri":"StructureDefinition-nilar-pretreatment.html"}],"reference":{"reference":"StructureDefinition/nilar-pretreatment"},"name":"Pretreatment","description":"Specifies pretreatment of patient from which specimen is sampled.","exampleBoolean":false,"groupingId":"-str-extension"},{"extension":[{"url":"http://hl7.org/fhir/tools/StructureDefinition/resource-sort","valueInteger":999999999},{"url":"http://hl7.org/fhir/StructureDefinition/implementationguide-page","valueUri":"StructureDefinition-nilar-receipt-date.html"}],"reference":{"reference":"StructureDefinition/nilar-receipt-date"},"name":"Receipt Date","description":"Time the request was received.","exampleBoolean":false,"groupingId":"-str-extension"},{"extension":[{"url":"http://hl7.org/fhir/tools/StructureDefinition/resource-sort","valueInteger":999999999},{"url":"http://hl7.org/fhir/StructureDefinition/implementationguide-page","valueUri":"StructureDefinition-nilar-report-date.html"}],"reference":{"reference":"StructureDefinition/nilar-report-date"},"name":"Report Date","description":"Time this report was first published (first version).","exampleBoolean":false,"groupingId":"-str-extension"},{"extension":[{"url":"http://hl7.org/fhir/tools/StructureDefinition/resource-sort","valueInteger":999999999},{"url":"http://hl7.org/fhir/StructureDefinition/implementationguide-page","valueUri":"StructureDefinition-nilar-reservation.html"}],"reference":{"reference":"StructureDefinition/nilar-reservation"},"name":"Reservation","description":"Reservations the patient might have, regarding registration etc.","exampleBoolean":false,"groupingId":"-str-extension"},{"extension":[{"url":"http://hl7.org/fhir/tools/StructureDefinition/resource-sort","valueInteger":999999999},{"url":"http://hl7.org/fhir/StructureDefinition/implementationguide-page","valueUri":"StructureDefinition-nilar-restrict-until.html"}],"reference":{"reference":"StructureDefinition/nilar-restrict-until"},"name":"Restrict Until","description":"Date on which the restriction expires.","exampleBoolean":false,"groupingId":"-str-extension"},{"extension":[{"url":"http://hl7.org/fhir/tools/StructureDefinition/resource-sort","valueInteger":999999999},{"url":"http://hl7.org/fhir/StructureDefinition/implementationguide-page","valueUri":"StructureDefinition-nilar-restriction.html"}],"reference":{"reference":"StructureDefinition/nilar-restriction"},"name":"Restriction","description":"Used on DiagnisticReport and Observation to convey a restriction. Not applicable for restrictions that apply to the requesting person, such restrictions results in the datat not being provided at all.","exampleBoolean":false,"groupingId":"-str-extension"},{"extension":[{"url":"http://hl7.org/fhir/tools/StructureDefinition/resource-sort","valueInteger":999999999},{"url":"http://hl7.org/fhir/StructureDefinition/implementationguide-page","valueUri":"StructureDefinition-nilar-restriction-code.html"}],"reference":{"reference":"StructureDefinition/nilar-restriction-code"},"name":"Restriction Code","description":"Code giving further details about the restriction.","exampleBoolean":false,"groupingId":"-str-extension"},{"extension":[{"url":"http://hl7.org/fhir/tools/StructureDefinition/resource-sort","valueInteger":999999999},{"url":"http://hl7.org/fhir/StructureDefinition/implementationguide-page","valueUri":"StructureDefinition-nilar-sample-handling.html"}],"reference":{"reference":"StructureDefinition/nilar-sample-handling"},"name":"Sample Handling","description":"Precausions or warnings regarding handling of the specimen sample.","exampleBoolean":false,"groupingId":"-str-extension"},{"extension":[{"url":"http://hl7.org/fhir/tools/StructureDefinition/resource-sort","valueInteger":999999999},{"url":"http://hl7.org/fhir/StructureDefinition/implementationguide-page","valueUri":"StructureDefinition-nilar-status-change-date.html"}],"reference":{"reference":"StructureDefinition/nilar-status-change-date"},"name":"Status Changed Date","description":"Time of last state change.","exampleBoolean":false,"groupingId":"-str-extension"},{"extension":[{"url":"http://hl7.org/fhir/tools/StructureDefinition/resource-sort","valueInteger":999999999},{"url":"http://hl7.org/fhir/StructureDefinition/implementationguide-page","valueUri":"StructureDefinition-nilar-study-product-ref.html"}],"reference":{"reference":"StructureDefinition/nilar-study-product-ref"},"name":"Study Product Ref","description":"Reference to product being studied.","exampleBoolean":false,"groupingId":"-str-extension"},{"extension":[{"url":"http://hl7.org/fhir/tools/StructureDefinition/resource-sort","valueInteger":999999999},{"url":"http://hl7.org/fhir/StructureDefinition/implementationguide-page","valueUri":"StructureDefinition-nilar-study-product-type.html"}],"reference":{"reference":"StructureDefinition/nilar-study-product-type"},"name":"Study Product Type","description":"Type of studied product.","exampleBoolean":false,"groupingId":"-str-extension"},{"extension":[{"url":"http://hl7.org/fhir/tools/StructureDefinition/resource-sort","valueInteger":999999999},{"url":"http://hl7.org/fhir/StructureDefinition/implementationguide-page","valueUri":"ValueSet-all-observation-codes-vs.html"}],"reference":{"reference":"ValueSet/all-observation-codes-vs"},"name":"All Observation Codes VS","description":"All codes found in investigation or result. Used in Observation.meta.tag where all codes are accumulated for easy search.","exampleBoolean":false,"groupingId":"-term-valueset"},{"extension":[{"url":"http://hl7.org/fhir/tools/StructureDefinition/resource-sort","valueInteger":999999999},{"url":"http://hl7.org/fhir/StructureDefinition/implementationguide-page","valueUri":"ValueSet-collector-comment-vs.html"}],"reference":{"reference":"ValueSet/collector-comment-vs"},"name":"Collector Comment VS","description":"Coded comments from collector of sample.","exampleBoolean":false,"groupingId":"-term-valueset"},{"extension":[{"url":"http://hl7.org/fhir/tools/StructureDefinition/resource-sort","valueInteger":999999999},{"url":"http://hl7.org/fhir/StructureDefinition/implementationguide-page","valueUri":"ValueSet-deviation-indicator-vs.html"}],"reference":{"reference":"ValueSet/deviation-indicator-vs"},"name":"Deviation Indicator VS","description":"Indicates if a numeric observation value is ouside reference boundaries.","exampleBoolean":false,"groupingId":"-term-valueset"},{"extension":[{"url":"http://hl7.org/fhir/tools/StructureDefinition/resource-sort","valueInteger":999999999},{"url":"http://hl7.org/fhir/StructureDefinition/implementationguide-page","valueUri":"ValueSet-document-restriction-vs.html"}],"reference":{"reference":"ValueSet/document-restriction-vs"},"name":"Document Restriction VS","description":"Codes with furtehr information about a document restriction.","exampleBoolean":false,"groupingId":"-term-valueset"},{"extension":[{"url":"http://hl7.org/fhir/tools/StructureDefinition/resource-sort","valueInteger":999999999},{"url":"http://hl7.org/fhir/StructureDefinition/implementationguide-page","valueUri":"ValueSet-expertise-vs.html"}],"reference":{"reference":"ValueSet/expertise-vs"},"name":"Expertise ValueSet","description":"Expertise of investigation used in producing an Observation.","exampleBoolean":false,"groupingId":"-term-valueset"},{"extension":[{"url":"http://hl7.org/fhir/tools/StructureDefinition/resource-sort","valueInteger":999999999},{"url":"http://hl7.org/fhir/StructureDefinition/implementationguide-page","valueUri":"ValueSet-identifier-source-vs.html"}],"reference":{"reference":"ValueSet/identifier-source-vs"},"name":"Identifier Source VS","description":"Various resources has one or two identifiers, provided by requester or service provider. These are the naming systems used to identify the origin of the identifiers.","exampleBoolean":false,"groupingId":"-term-valueset"},{"extension":[{"url":"http://hl7.org/fhir/tools/StructureDefinition/resource-sort","valueInteger":999999999},{"url":"http://hl7.org/fhir/StructureDefinition/implementationguide-page","valueUri":"ValueSet-inf-item-coded-descr-vs.html"}],"reference":{"reference":"ValueSet/inf-item-coded-descr-vs"},"name":"Inf Item Coded Descr VS","description":"Value set for coded description of clinical information.","exampleBoolean":false,"groupingId":"-term-valueset"},{"extension":[{"url":"http://hl7.org/fhir/tools/StructureDefinition/resource-sort","valueInteger":999999999},{"url":"http://hl7.org/fhir/StructureDefinition/implementationguide-page","valueUri":"ValueSet-inf-item-type-vs.html"}],"reference":{"reference":"ValueSet/inf-item-type-vs"},"name":"Inf Item Type VS","description":"Codes for type of clinical information.","exampleBoolean":false,"groupingId":"-term-valueset"},{"extension":[{"url":"http://hl7.org/fhir/tools/StructureDefinition/resource-sort","valueInteger":999999999},{"url":"http://hl7.org/fhir/StructureDefinition/implementationguide-page","valueUri":"ValueSet-investigation-id-vs.html"}],"reference":{"reference":"ValueSet/investigation-id-vs"},"name":"Investigation Id VS","description":"Codes used to identify individual investigations leading up to an observation.","exampleBoolean":false,"groupingId":"-term-valueset"},{"extension":[{"url":"http://hl7.org/fhir/tools/StructureDefinition/resource-sort","valueInteger":999999999},{"url":"http://hl7.org/fhir/StructureDefinition/implementationguide-page","valueUri":"ValueSet-investigation-method-vs.html"}],"reference":{"reference":"ValueSet/investigation-method-vs"},"name":"Investigation Method VS","description":"Codes used to specify method used in investigation.","exampleBoolean":false,"groupingId":"-term-valueset"},{"extension":[{"url":"http://hl7.org/fhir/tools/StructureDefinition/resource-sort","valueInteger":999999999},{"url":"http://hl7.org/fhir/StructureDefinition/implementationguide-page","valueUri":"ValueSet-investigation-spec-vs.html"}],"reference":{"reference":"ValueSet/investigation-spec-vs"},"name":"Investigation Spec VS","description":"Codes used to specify supplementary information about investigations.","exampleBoolean":false,"groupingId":"-term-valueset"},{"extension":[{"url":"http://hl7.org/fhir/tools/StructureDefinition/resource-sort","valueInteger":999999999},{"url":"http://hl7.org/fhir/StructureDefinition/implementationguide-page","valueUri":"ValueSet-main-expertise-vs.html"}],"reference":{"reference":"ValueSet/main-expertise-vs"},"name":"Main Expertise VS","description":"The main type of labaratory expertise expressed in a DiagnosticReport.","exampleBoolean":false,"groupingId":"-term-valueset"},{"extension":[{"url":"http://hl7.org/fhir/tools/StructureDefinition/resource-sort","valueInteger":999999999},{"url":"http://hl7.org/fhir/StructureDefinition/implementationguide-page","valueUri":"ValueSet-observation-result-vs.html"}],"reference":{"reference":"ValueSet/observation-result-vs"},"name":"Observation Result VS","description":"Codes used to convey textual result values.","exampleBoolean":false,"groupingId":"-term-valueset"},{"extension":[{"url":"http://hl7.org/fhir/tools/StructureDefinition/resource-sort","valueInteger":999999999},{"url":"http://hl7.org/fhir/StructureDefinition/implementationguide-page","valueUri":"ValueSet-organization-it-type-vs.html"}],"reference":{"reference":"ValueSet/organization-it-type-vs"},"name":"Organization It Type VS","description":"Id types for organizations involved in DiagnosticReport/Observation","exampleBoolean":false,"groupingId":"-term-valueset"},{"extension":[{"url":"http://hl7.org/fhir/tools/StructureDefinition/resource-sort","valueInteger":999999999},{"url":"http://hl7.org/fhir/StructureDefinition/implementationguide-page","valueUri":"ValueSet-outcome-details-vs.html"}],"reference":{"reference":"ValueSet/outcome-details-vs"},"name":"Outcome Details VS","description":"A code that gives more details to the outcome, such as privacy settings.","exampleBoolean":false,"groupingId":"-term-valueset"},{"extension":[{"url":"http://hl7.org/fhir/tools/StructureDefinition/resource-sort","valueInteger":999999999},{"url":"http://hl7.org/fhir/StructureDefinition/implementationguide-page","valueUri":"ValueSet-payment-category-vs.html"}],"reference":{"reference":"ValueSet/payment-category-vs"},"name":"Payment Category VS","description":"Codes for who will pay for the investigations.","exampleBoolean":false,"groupingId":"-term-valueset"},{"extension":[{"url":"http://hl7.org/fhir/tools/StructureDefinition/resource-sort","valueInteger":999999999},{"url":"http://hl7.org/fhir/StructureDefinition/implementationguide-page","valueUri":"ValueSet-person-id-type-vs.html"}],"reference":{"reference":"ValueSet/person-id-type-vs"},"name":"Person Id Type VS","description":"Id types used to identify persons involved, other than the patient.","exampleBoolean":false,"groupingId":"-term-valueset"},{"extension":[{"url":"http://hl7.org/fhir/tools/StructureDefinition/resource-sort","valueInteger":999999999},{"url":"http://hl7.org/fhir/StructureDefinition/implementationguide-page","valueUri":"ValueSet-pretreatment-vs.html"}],"reference":{"reference":"ValueSet/pretreatment-vs"},"name":"Pretreatment-VS","description":"Codes for pretreatment of patient from which specimen is sampled.","exampleBoolean":false,"groupingId":"-term-valueset"},{"extension":[{"url":"http://hl7.org/fhir/tools/StructureDefinition/resource-sort","valueInteger":999999999},{"url":"http://hl7.org/fhir/StructureDefinition/implementationguide-page","valueUri":"ValueSet-public-it-type-vs.html"}],"reference":{"reference":"ValueSet/public-it-type-vs"},"name":"PublicIdType_VS","description":"Id types used to identify patients","exampleBoolean":false,"groupingId":"-term-valueset"},{"extension":[{"url":"http://hl7.org/fhir/tools/StructureDefinition/resource-sort","valueInteger":999999999},{"url":"http://hl7.org/fhir/StructureDefinition/implementationguide-page","valueUri":"ValueSet-report-comment-vs.html"}],"reference":{"reference":"ValueSet/report-comment-vs"},"name":"Report Comment VS","description":"Codes used for comments in diagnostic report.","exampleBoolean":false,"groupingId":"-term-valueset"},{"extension":[{"url":"http://hl7.org/fhir/tools/StructureDefinition/resource-sort","valueInteger":999999999},{"url":"http://hl7.org/fhir/StructureDefinition/implementationguide-page","valueUri":"ValueSet-request-reason-vs.html"}],"reference":{"reference":"ValueSet/request-reason-vs"},"name":"Request Reason VS","description":"Type of text reply, indicates reason for request.","exampleBoolean":false,"groupingId":"-term-valueset"},{"extension":[{"url":"http://hl7.org/fhir/tools/StructureDefinition/resource-sort","valueInteger":999999999},{"url":"http://hl7.org/fhir/StructureDefinition/implementationguide-page","valueUri":"ValueSet-requisition-comment-vs.html"}],"reference":{"reference":"ValueSet/requisition-comment-vs"},"name":"Requisition Comment VS","description":"Codes used in requsition comments. 8234 represents 'heading', 8274 reresents coded text.","exampleBoolean":false,"groupingId":"-term-valueset"},{"extension":[{"url":"http://hl7.org/fhir/tools/StructureDefinition/resource-sort","valueInteger":999999999},{"url":"http://hl7.org/fhir/StructureDefinition/implementationguide-page","valueUri":"ValueSet-reservation-codes-vs.html"}],"reference":{"reference":"ValueSet/reservation-codes-vs"},"name":"Reservation Codes","description":"Reservations the patient might have, regarding registration etc.","exampleBoolean":false,"groupingId":"-term-valueset"},{"extension":[{"url":"http://hl7.org/fhir/tools/StructureDefinition/resource-sort","valueInteger":999999999},{"url":"http://hl7.org/fhir/StructureDefinition/implementationguide-page","valueUri":"ValueSet-specimen-type-vs.html"}],"reference":{"reference":"ValueSet/specimen-type-vs"},"name":"Specimen Type VS","description":"Type og material in specimen.","exampleBoolean":false,"groupingId":"-term-valueset"},{"extension":[{"url":"http://hl7.org/fhir/tools/StructureDefinition/resource-sort","valueInteger":999999999},{"url":"http://hl7.org/fhir/StructureDefinition/implementationguide-page","valueUri":"ValueSet-typeof-diagnostic-report-vs.html"}],"reference":{"reference":"ValueSet/typeof-diagnostic-report-vs"},"name":"Type of diagnostic report","description":"Type of diagnostic report, indication the kind of tests/procedures performed in a DiagnosticReport.","exampleBoolean":false,"groupingId":"-term-valueset"},{"extension":[{"url":"http://hl7.org/fhir/tools/StructureDefinition/resource-sort","valueInteger":999999999},{"url":"http://hl7.org/fhir/StructureDefinition/implementationguide-page","valueUri":"CodeSystem-identifier-source-cs.html"}],"reference":{"reference":"CodeSystem/identifier-source-cs"},"name":"Identifier Source CS","description":"Various resources has one or two identifiers, provided by requester or service provider. These are naming systems used to identify the origin of the identifiers.","exampleBoolean":false,"groupingId":"-term-codesystem"},{"extension":[{"url":"http://hl7.org/fhir/tools/StructureDefinition/resource-sort","valueInteger":999999999},{"url":"http://hl7.org/fhir/StructureDefinition/implementationguide-page","valueUri":"CodeSystem-organization-id-type-cs.html"}],"reference":{"reference":"CodeSystem/organization-id-type-cs"},"name":"Organization Id Type CS","description":"Id types used to identify organizations.","exampleBoolean":false,"groupingId":"-term-codesystem"},{"extension":[{"url":"http://hl7.org/fhir/tools/StructureDefinition/resource-sort","valueInteger":999999999},{"url":"http://hl7.org/fhir/StructureDefinition/implementationguide-page","valueUri":"CodeSystem-person-id-type-cs.html"}],"reference":{"reference":"CodeSystem/person-id-type-cs"},"name":"Person Id Type CS","description":"Id types used to identify persons involved, other than the patient.","exampleBoolean":false,"groupingId":"-term-codesystem"},{"extension":[{"url":"http://hl7.org/fhir/tools/StructureDefinition/resource-sort","valueInteger":999999999},{"url":"http://hl7.org/fhir/StructureDefinition/implementationguide-page","valueUri":"CodeSystem-public-id-type-cs.html"}],"reference":{"reference":"CodeSystem/public-id-type-cs"},"name":"Public Id Type CS","description":"Id types used to identify patients","exampleBoolean":false,"groupingId":"-term-codesystem"},{"extension":[{"url":"http://hl7.org/fhir/tools/StructureDefinition/resource-sort","valueInteger":999999999},{"url":"http://hl7.org/fhir/StructureDefinition/implementationguide-page","valueUri":"CodeSystem-pvk-outcome-cs.html"}],"reference":{"reference":"CodeSystem/pvk-outcome-cs"},"name":"Pvk Outcome CS","description":"A code that indicates how privacy settings (PVK) may have affected the outcome.","exampleBoolean":false,"groupingId":"-term-codesystem"}],"page":{"extension":[{"url":"http://hl7.org/fhir/tools/StructureDefinition/ig-page-name","valueUrl":"toc.html"}],"nameUrl":"toc.html","title":"Table of Contents","generation":"html","page":[{"extension":[{"url":"http://hl7.org/fhir/tools/StructureDefinition/ig-page-name","valueUrl":"index.html"}],"nameUrl":"index.html","title":"Home","generation":"markdown"},{"extension":[{"url":"http://hl7.org/fhir/tools/StructureDefinition/ig-page-name","valueUrl":"artifacts.html"}],"nameUrl":"artifacts.html","title":"Artifacts Summary","generation":"html","page":[{"extension":[{"url":"http://hl7.org/fhir/tools/StructureDefinition/ig-page-name","valueUrl":"StructureDefinition-nilar-diagnostic-report.html"}],"nameUrl":"StructureDefinition-nilar-diagnostic-report.html","title":"NilarDiagnosticReport","generation":"generated"},{"extension":[{"url":"http://hl7.org/fhir/tools/StructureDefinition/ig-page-name","valueUrl":"StructureDefinition-nilar-observation.html"}],"nameUrl":"StructureDefinition-nilar-observation.html","title":"NilarObservation","generation":"generated"},{"extension":[{"url":"http://hl7.org/fhir/tools/StructureDefinition/ig-page-name","valueUrl":"StructureDefinition-nilar-operation-outcome.html"}],"nameUrl":"StructureDefinition-nilar-operation-outcome.html","title":"NilarOperationOutcome","generation":"generated"},{"extension":[{"url":"http://hl7.org/fhir/tools/StructureDefinition/ig-page-name","valueUrl":"StructureDefinition-nilar-practitioner-role.html"}],"nameUrl":"StructureDefinition-nilar-practitioner-role.html","title":"NilarPractitionerRole","generation":"generated"},{"extension":[{"url":"http://hl7.org/fhir/tools/StructureDefinition/ig-page-name","valueUrl":"StructureDefinition-nilar-service-request.html"}],"nameUrl":"StructureDefinition-nilar-service-request.html","title":"NilarServiceRequest","generation":"generated"},{"extension":[{"url":"http://hl7.org/fhir/tools/StructureDefinition/ig-page-name","valueUrl":"StructureDefinition-nilar-specimen.html"}],"nameUrl":"StructureDefinition-nilar-specimen.html","title":"NilarSpecimen","generation":"generated"},{"extension":[{"url":"http://hl7.org/fhir/tools/StructureDefinition/ig-page-name","valueUrl":"StructureDefinition-nilar-accredited.html"}],"nameUrl":"StructureDefinition-nilar-accredited.html","title":"Accredited","generation":"generated"},{"extension":[{"url":"http://hl7.org/fhir/tools/StructureDefinition/ig-page-name","valueUrl":"StructureDefinition-nilar-approval-date.html"}],"nameUrl":"StructureDefinition-nilar-approval-date.html","title":"Approval Date","generation":"generated"},{"extension":[{"url":"http://hl7.org/fhir/tools/StructureDefinition/ig-page-name","valueUrl":"StructureDefinition-nilar-comment.html"}],"nameUrl":"StructureDefinition-nilar-comment.html","title":"Comment","generation":"generated"},{"extension":[{"url":"http://hl7.org/fhir/tools/StructureDefinition/ig-page-name","valueUrl":"StructureDefinition-nilar-container-count.html"}],"nameUrl":"StructureDefinition-nilar-container-count.html","title":"Container Count","generation":"generated"},{"extension":[{"url":"http://hl7.org/fhir/tools/StructureDefinition/ig-page-name","valueUrl":"StructureDefinition-nilar-counter-sign-date.html"}],"nameUrl":"StructureDefinition-nilar-counter-sign-date.html","title":"Counter Sign Date","generation":"generated"},{"extension":[{"url":"http://hl7.org/fhir/tools/StructureDefinition/ig-page-name","valueUrl":"StructureDefinition-nilar-description-date.html"}],"nameUrl":"StructureDefinition-nilar-description-date.html","title":"Description Date","generation":"generated"},{"extension":[{"url":"http://hl7.org/fhir/tools/StructureDefinition/ig-page-name","valueUrl":"StructureDefinition-nilar-diagnostic-report-ref.html"}],"nameUrl":"StructureDefinition-nilar-diagnostic-report-ref.html","title":"Diagnostic Report Ref","generation":"generated"},{"extension":[{"url":"http://hl7.org/fhir/tools/StructureDefinition/ig-page-name","valueUrl":"StructureDefinition-nilar-history.html"}],"nameUrl":"StructureDefinition-nilar-history.html","title":"History","generation":"generated"},{"extension":[{"url":"http://hl7.org/fhir/tools/StructureDefinition/ig-page-name","valueUrl":"StructureDefinition-nilar-inf-item.html"}],"nameUrl":"StructureDefinition-nilar-inf-item.html","title":"Inf Item","generation":"generated"},{"extension":[{"url":"http://hl7.org/fhir/tools/StructureDefinition/ig-page-name","valueUrl":"StructureDefinition-nilar-inf-item-coded-descr.html"}],"nameUrl":"StructureDefinition-nilar-inf-item-coded-descr.html","title":"Inf Item Coded Descr","generation":"generated"},{"extension":[{"url":"http://hl7.org/fhir/tools/StructureDefinition/ig-page-name","valueUrl":"StructureDefinition-nilar-inf-item-descr.html"}],"nameUrl":"StructureDefinition-nilar-inf-item-descr.html","title":"Inf Item Descr","generation":"generated"},{"extension":[{"url":"http://hl7.org/fhir/tools/StructureDefinition/ig-page-name","valueUrl":"StructureDefinition-nilar-inf-item-end.html"}],"nameUrl":"StructureDefinition-nilar-inf-item-end.html","title":"Inf Item End","generation":"generated"},{"extension":[{"url":"http://hl7.org/fhir/tools/StructureDefinition/ig-page-name","valueUrl":"StructureDefinition-nilar-inf-item-org-time.html"}],"nameUrl":"StructureDefinition-nilar-inf-item-org-time.html","title":"Inf Item Org Time","generation":"generated"},{"extension":[{"url":"http://hl7.org/fhir/tools/StructureDefinition/ig-page-name","valueUrl":"StructureDefinition-nilar-inf-item-start.html"}],"nameUrl":"StructureDefinition-nilar-inf-item-start.html","title":"Inf Item Start","generation":"generated"},{"extension":[{"url":"http://hl7.org/fhir/tools/StructureDefinition/ig-page-name","valueUrl":"StructureDefinition-nilar-inf-item-type.html"}],"nameUrl":"StructureDefinition-nilar-inf-item-type.html","title":"Inf Item Type","generation":"generated"},{"extension":[{"url":"http://hl7.org/fhir/tools/StructureDefinition/ig-page-name","valueUrl":"StructureDefinition-nilar-investigation-date.html"}],"nameUrl":"StructureDefinition-nilar-investigation-date.html","title":"Investigation Date","generation":"generated"},{"extension":[{"url":"http://hl7.org/fhir/tools/StructureDefinition/ig-page-name","valueUrl":"StructureDefinition-nilar-logistics.html"}],"nameUrl":"StructureDefinition-nilar-logistics.html","title":"Logistics","generation":"generated"},{"extension":[{"url":"http://hl7.org/fhir/tools/StructureDefinition/ig-page-name","valueUrl":"StructureDefinition-nilar-medical-validation-date.html"}],"nameUrl":"StructureDefinition-nilar-medical-validation-date.html","title":"Medical Validation Date","generation":"generated"},{"extension":[{"url":"http://hl7.org/fhir/tools/StructureDefinition/ig-page-name","valueUrl":"StructureDefinition-nilar-other-info.html"}],"nameUrl":"StructureDefinition-nilar-other-info.html","title":"Other Info","generation":"generated"},{"extension":[{"url":"http://hl7.org/fhir/tools/StructureDefinition/ig-page-name","valueUrl":"StructureDefinition-nilar-payment-category.html"}],"nameUrl":"StructureDefinition-nilar-payment-category.html","title":"Payment Category","generation":"generated"},{"extension":[{"url":"http://hl7.org/fhir/tools/StructureDefinition/ig-page-name","valueUrl":"StructureDefinition-nilar-pretreatment.html"}],"nameUrl":"StructureDefinition-nilar-pretreatment.html","title":"Pretreatment","generation":"generated"},{"extension":[{"url":"http://hl7.org/fhir/tools/StructureDefinition/ig-page-name","valueUrl":"StructureDefinition-nilar-receipt-date.html"}],"nameUrl":"StructureDefinition-nilar-receipt-date.html","title":"Receipt Date","generation":"generated"},{"extension":[{"url":"http://hl7.org/fhir/tools/StructureDefinition/ig-page-name","valueUrl":"StructureDefinition-nilar-report-date.html"}],"nameUrl":"StructureDefinition-nilar-report-date.html","title":"Report Date","generation":"generated"},{"extension":[{"url":"http://hl7.org/fhir/tools/StructureDefinition/ig-page-name","valueUrl":"StructureDefinition-nilar-reservation.html"}],"nameUrl":"StructureDefinition-nilar-reservation.html","title":"Reservation","generation":"generated"},{"extension":[{"url":"http://hl7.org/fhir/tools/StructureDefinition/ig-page-name","valueUrl":"StructureDefinition-nilar-restrict-until.html"}],"nameUrl":"StructureDefinition-nilar-restrict-until.html","title":"Restrict Until","generation":"generated"},{"extension":[{"url":"http://hl7.org/fhir/tools/StructureDefinition/ig-page-name","valueUrl":"StructureDefinition-nilar-restriction.html"}],"nameUrl":"StructureDefinition-nilar-restriction.html","title":"Restriction","generation":"generated"},{"extension":[{"url":"http://hl7.org/fhir/tools/StructureDefinition/ig-page-name","valueUrl":"StructureDefinition-nilar-restriction-code.html"}],"nameUrl":"StructureDefinition-nilar-restriction-code.html","title":"Restriction Code","generation":"generated"},{"extension":[{"url":"http://hl7.org/fhir/tools/StructureDefinition/ig-page-name","valueUrl":"StructureDefinition-nilar-sample-handling.html"}],"nameUrl":"StructureDefinition-nilar-sample-handling.html","title":"Sample Handling","generation":"generated"},{"extension":[{"url":"http://hl7.org/fhir/tools/StructureDefinition/ig-page-name","valueUrl":"StructureDefinition-nilar-status-change-date.html"}],"nameUrl":"StructureDefinition-nilar-status-change-date.html","title":"Status Changed Date","generation":"generated"},{"extension":[{"url":"http://hl7.org/fhir/tools/StructureDefinition/ig-page-name","valueUrl":"StructureDefinition-nilar-study-product-ref.html"}],"nameUrl":"StructureDefinition-nilar-study-product-ref.html","title":"Study Product Ref","generation":"generated"},{"extension":[{"url":"http://hl7.org/fhir/tools/StructureDefinition/ig-page-name","valueUrl":"StructureDefinition-nilar-study-product-type.html"}],"nameUrl":"StructureDefinition-nilar-study-product-type.html","title":"Study Product Type","generation":"generated"},{"extension":[{"url":"http://hl7.org/fhir/tools/StructureDefinition/ig-page-name","valueUrl":"ValueSet-all-observation-codes-vs.html"}],"nameUrl":"ValueSet-all-observation-codes-vs.html","title":"All Observation Codes VS","generation":"generated"},{"extension":[{"url":"http://hl7.org/fhir/tools/StructureDefinition/ig-page-name","valueUrl":"ValueSet-collector-comment-vs.html"}],"nameUrl":"ValueSet-collector-comment-vs.html","title":"Collector Comment VS","generation":"generated"},{"extension":[{"url":"http://hl7.org/fhir/tools/StructureDefinition/ig-page-name","valueUrl":"ValueSet-deviation-indicator-vs.html"}],"nameUrl":"ValueSet-deviation-indicator-vs.html","title":"Deviation Indicator VS","generation":"generated"},{"extension":[{"url":"http://hl7.org/fhir/tools/StructureDefinition/ig-page-name","valueUrl":"ValueSet-document-restriction-vs.html"}],"nameUrl":"ValueSet-document-restriction-vs.html","title":"Document Restriction VS","generation":"generated"},{"extension":[{"url":"http://hl7.org/fhir/tools/StructureDefinition/ig-page-name","valueUrl":"ValueSet-expertise-vs.html"}],"nameUrl":"ValueSet-expertise-vs.html","title":"Expertise ValueSet","generation":"generated"},{"extension":[{"url":"http://hl7.org/fhir/tools/StructureDefinition/ig-page-name","valueUrl":"ValueSet-identifier-source-vs.html"}],"nameUrl":"ValueSet-identifier-source-vs.html","title":"Identifier Source VS","generation":"generated"},{"extension":[{"url":"http://hl7.org/fhir/tools/StructureDefinition/ig-page-name","valueUrl":"ValueSet-inf-item-coded-descr-vs.html"}],"nameUrl":"ValueSet-inf-item-coded-descr-vs.html","title":"Inf Item Coded Descr VS","generation":"generated"},{"extension":[{"url":"http://hl7.org/fhir/tools/StructureDefinition/ig-page-name","valueUrl":"ValueSet-inf-item-type-vs.html"}],"nameUrl":"ValueSet-inf-item-type-vs.html","title":"Inf Item Type VS","generation":"generated"},{"extension":[{"url":"http://hl7.org/fhir/tools/StructureDefinition/ig-page-name","valueUrl":"ValueSet-investigation-id-vs.html"}],"nameUrl":"ValueSet-investigation-id-vs.html","title":"Investigation Id VS","generation":"generated"},{"extension":[{"url":"http://hl7.org/fhir/tools/StructureDefinition/ig-page-name","valueUrl":"ValueSet-investigation-method-vs.html"}],"nameUrl":"ValueSet-investigation-method-vs.html","title":"Investigation Method VS","generation":"generated"},{"extension":[{"url":"http://hl7.org/fhir/tools/StructureDefinition/ig-page-name","valueUrl":"ValueSet-investigation-spec-vs.html"}],"nameUrl":"ValueSet-investigation-spec-vs.html","title":"Investigation Spec VS","generation":"generated"},{"extension":[{"url":"http://hl7.org/fhir/tools/StructureDefinition/ig-page-name","valueUrl":"ValueSet-main-expertise-vs.html"}],"nameUrl":"ValueSet-main-expertise-vs.html","title":"Main Expertise VS","generation":"generated"},{"extension":[{"url":"http://hl7.org/fhir/tools/StructureDefinition/ig-page-name","valueUrl":"ValueSet-observation-result-vs.html"}],"nameUrl":"ValueSet-observation-result-vs.html","title":"Observation Result VS","generation":"generated"},{"extension":[{"url":"http://hl7.org/fhir/tools/StructureDefinition/ig-page-name","valueUrl":"ValueSet-organization-it-type-vs.html"}],"nameUrl":"ValueSet-organization-it-type-vs.html","title":"Organization It Type VS","generation":"generated"},{"extension":[{"url":"http://hl7.org/fhir/tools/StructureDefinition/ig-page-name","valueUrl":"ValueSet-outcome-details-vs.html"}],"nameUrl":"ValueSet-outcome-details-vs.html","title":"Outcome Details VS","generation":"generated"},{"extension":[{"url":"http://hl7.org/fhir/tools/StructureDefinition/ig-page-name","valueUrl":"ValueSet-payment-category-vs.html"}],"nameUrl":"ValueSet-payment-category-vs.html","title":"Payment Category VS","generation":"generated"},{"extension":[{"url":"http://hl7.org/fhir/tools/StructureDefinition/ig-page-name","valueUrl":"ValueSet-person-id-type-vs.html"}],"nameUrl":"ValueSet-person-id-type-vs.html","title":"Person Id Type VS","generation":"generated"},{"extension":[{"url":"http://hl7.org/fhir/tools/StructureDefinition/ig-page-name","valueUrl":"ValueSet-pretreatment-vs.html"}],"nameUrl":"ValueSet-pretreatment-vs.html","title":"Pretreatment-VS","generation":"generated"},{"extension":[{"url":"http://hl7.org/fhir/tools/StructureDefinition/ig-page-name","valueUrl":"ValueSet-public-it-type-vs.html"}],"nameUrl":"ValueSet-public-it-type-vs.html","title":"PublicIdType_VS","generation":"generated"},{"extension":[{"url":"http://hl7.org/fhir/tools/StructureDefinition/ig-page-name","valueUrl":"ValueSet-report-comment-vs.html"}],"nameUrl":"ValueSet-report-comment-vs.html","title":"Report Comment VS","generation":"generated"},{"extension":[{"url":"http://hl7.org/fhir/tools/StructureDefinition/ig-page-name","valueUrl":"ValueSet-request-reason-vs.html"}],"nameUrl":"ValueSet-request-reason-vs.html","title":"Request Reason VS","generation":"generated"},{"extension":[{"url":"http://hl7.org/fhir/tools/StructureDefinition/ig-page-name","valueUrl":"ValueSet-requisition-comment-vs.html"}],"nameUrl":"ValueSet-requisition-comment-vs.html","title":"Requisition Comment VS","generation":"generated"},{"extension":[{"url":"http://hl7.org/fhir/tools/StructureDefinition/ig-page-name","valueUrl":"ValueSet-reservation-codes-vs.html"}],"nameUrl":"ValueSet-reservation-codes-vs.html","title":"Reservation Codes","generation":"generated"},{"extension":[{"url":"http://hl7.org/fhir/tools/StructureDefinition/ig-page-name","valueUrl":"ValueSet-specimen-type-vs.html"}],"nameUrl":"ValueSet-specimen-type-vs.html","title":"Specimen Type VS","generation":"generated"},{"extension":[{"url":"http://hl7.org/fhir/tools/StructureDefinition/ig-page-name","valueUrl":"ValueSet-typeof-diagnostic-report-vs.html"}],"nameUrl":"ValueSet-typeof-diagnostic-report-vs.html","title":"Type of diagnostic report","generation":"generated"},{"extension":[{"url":"http://hl7.org/fhir/tools/StructureDefinition/ig-page-name","valueUrl":"CodeSystem-identifier-source-cs.html"}],"nameUrl":"CodeSystem-identifier-source-cs.html","title":"Identifier Source CS","generation":"generated"},{"extension":[{"url":"http://hl7.org/fhir/tools/StructureDefinition/ig-page-name","valueUrl":"CodeSystem-organization-id-type-cs.html"}],"nameUrl":"CodeSystem-organization-id-type-cs.html","title":"Organization Id Type CS","generation":"generated"},{"extension":[{"url":"http://hl7.org/fhir/tools/StructureDefinition/ig-page-name","valueUrl":"CodeSystem-person-id-type-cs.html"}],"nameUrl":"CodeSystem-person-id-type-cs.html","title":"Person Id Type CS","generation":"generated"},{"extension":[{"url":"http://hl7.org/fhir/tools/StructureDefinition/ig-page-name","valueUrl":"CodeSystem-public-id-type-cs.html"}],"nameUrl":"CodeSystem-public-id-type-cs.html","title":"Public Id Type CS","generation":"generated"},{"extension":[{"url":"http://hl7.org/fhir/tools/StructureDefinition/ig-page-name","valueUrl":"CodeSystem-pvk-outcome-cs.html"}],"nameUrl":"CodeSystem-pvk-outcome-cs.html","title":"Pvk Outcome CS","generation":"generated"}]}]},"parameter":[{"code":"path-resource","value":"input/capabilities"},{"code":"path-resource","value":"input/examples"},{"code":"path-resource","value":"input/extensions"},{"code":"path-resource","value":"input/models"},{"code":"path-resource","value":"input/operations"},{"code":"path-resource","value":"input/profiles"},{"code":"path-resource","value":"input/resources"},{"code":"path-resource","value":"input/vocabulary"},{"code":"path-resource","value":"input/maps"},{"code":"path-resource","value":"input/testing"},{"code":"path-resource","value":"input/history"},{"code":"path-resource","value":"fsh-generated/resources"},{"code":"path-pages","value":"template/config"},{"code":"path-pages","value":"input/images"},{"code":"path-tx-cache","value":"input-cache/txcache"}]}}