{"resourceType":"ValueSet","id":"inf-item-coded-descr-vs","text":{"status":"generated","div":"<div xmlns=\"http://www.w3.org/1999/xhtml\"><p class=\"res-header-id\"><b>Generated Narrative: ValueSet inf-item-coded-descr-vs</b></p><a name=\"inf-item-coded-descr-vs\"> </a><a name=\"hcinf-item-coded-descr-vs\"> </a><a name=\"hcinf-item-coded-descr-vs-en-US\"> </a><p>This value set includes codes based on the following rules:</p><ul><li>Include all codes defined in <code>http://ehelse.no/fhir/CodeSystem/no-kodeverk-8209</code></li><li>Include all codes defined in <code>http://ehelse.no/fhir/CodeSystem/no-kodeverk-8210</code></li><li>Include all codes defined in <code>http://ehelse.no/fhir/CodeSystem/no-kodeverk-8217</code></li><li>Include all codes defined in <code>http://ehelse.no/fhir/CodeSystem/no-kodeverk-8218</code></li><li>Include all codes defined in <code>http://ehelse.no/fhir/CodeSystem/no-kodeverk-8277</code></li></ul></div>"},"url":"http://nhn.no/fhir/nilar/ValueSet/inf-item-coded-descr-vs","version":"1.4.1","name":"InfItemCodedDescr_VS","title":"Inf Item Coded Descr VS","status":"active","date":"2024-07-02T13:23:40+00:00","publisher":"Norsk helsenett - Nilar","contact":[{"name":"Norsk helsenett - Nilar","telecom":[{"system":"url","value":"https://www.nhn.no"}]}],"description":"Value set for coded description of clinical information.","compose":{"include":[{"system":"http://ehelse.no/fhir/CodeSystem/no-kodeverk-8209"},{"system":"http://ehelse.no/fhir/CodeSystem/no-kodeverk-8210"},{"system":"http://ehelse.no/fhir/CodeSystem/no-kodeverk-8217"},{"system":"http://ehelse.no/fhir/CodeSystem/no-kodeverk-8218"},{"system":"http://ehelse.no/fhir/CodeSystem/no-kodeverk-8277"}]}}