{"resourceType":"ValueSet","id":"collector-comment-vs","text":{"status":"generated","div":"<div xmlns=\"http://www.w3.org/1999/xhtml\"><ul><li>Include all codes defined in <code>http://ehelse.no/fhir/CodeSystem/no-kodeverk-8275</code></li></ul></div>"},"url":"http://nhn.no/fhir/nilar/ValueSet/collector-comment-vs","version":"1.2.1","name":"CollectorComment_VS","title":"Collector Comment VS","status":"active","date":"2023-06-07T09:10:14+00:00","publisher":"Norsk helsenett - Nilar","contact":[{"name":"Norsk helsenett - Nilar","telecom":[{"system":"url","value":"https://www.nhn.no"}]}],"description":"Coded comments from collector of sample.","compose":{"include":[{"system":"http://ehelse.no/fhir/CodeSystem/no-kodeverk-8275"}]}}