{"resourceType":"ValueSet","id":"investigation-spec-vs","text":{"status":"generated","div":"<div xmlns=\"http://www.w3.org/1999/xhtml\"><p>This value set includes codes based on the following rules:</p><ul><li>Include all codes defined in <code>http://ehelse.no/fhir/CodeSystem/no-kodeverk-7010-norpat</code></li><li>Include all codes defined in <code>http://ehelse.no/fhir/CodeSystem/no-kodeverk-7270-ncrp</code></li><li>Include all codes defined in <code>http://ehelse.no/fhir/CodeSystem/no-kodeverk-7280-nlk</code></li><li>Include all codes defined in <code>http://ehelse.no/fhir/CodeSystem/no-kodeverk-8212</code></li></ul></div>"},"url":"http://nhn.no/fhir/nilar/ValueSet/investigation-spec-vs","version":"0.1.4","name":"InvestigationSpec_VS","title":"Investigation Spec VS","status":"active","date":"2022-12-23T09:32:03+00:00","publisher":"Norsk helsenett - Nilar","contact":[{"name":"Norsk helsenett - Nilar","telecom":[{"system":"url","value":"https://www.nhn.no"}]}],"description":"Codes used to specify individual investigations regarding methods used.","compose":{"include":[{"system":"http://ehelse.no/fhir/CodeSystem/no-kodeverk-7010-norpat"},{"system":"http://ehelse.no/fhir/CodeSystem/no-kodeverk-7270-ncrp"},{"system":"http://ehelse.no/fhir/CodeSystem/no-kodeverk-7280-nlk"},{"system":"http://ehelse.no/fhir/CodeSystem/no-kodeverk-8212"}]}}