{"resourceType":"ValueSet","id":"deviation-indicator-vs","text":{"status":"generated","div":"<div xmlns=\"http://www.w3.org/1999/xhtml\"><p class=\"res-header-id\"><b>Generated Narrative: ValueSet deviation-indicator-vs</b></p><a name=\"deviation-indicator-vs\"> </a><a name=\"hcdeviation-indicator-vs\"> </a><a name=\"hcdeviation-indicator-vs-en-US\"> </a><ul><li>Include all codes defined in <code>http://ehelse.no/fhir/CodeSystem/no-kodeverk-8244</code></li></ul></div>"},"url":"http://nhn.no/fhir/nilar/ValueSet/deviation-indicator-vs","version":"1.4.1","name":"DeviationIndicator_VS","title":"Deviation Indicator VS","status":"active","date":"2024-07-02T13:23:40+00:00","publisher":"Norsk helsenett - Nilar","contact":[{"name":"Norsk helsenett - Nilar","telecom":[{"system":"url","value":"https://www.nhn.no"}]}],"description":"Indicates if a numeric observation value is ouside reference boundaries.","compose":{"include":[{"system":"http://ehelse.no/fhir/CodeSystem/no-kodeverk-8244"}]}}