{"resourceType":"ValueSet","id":"inf-item-type-vs","text":{"status":"generated","div":"<div xmlns=\"http://www.w3.org/1999/xhtml\"><p class=\"res-header-id\"><b>Generated Narrative: ValueSet inf-item-type-vs</b></p><a name=\"inf-item-type-vs\"> </a><a name=\"hcinf-item-type-vs\"> </a><a name=\"inf-item-type-vs-en-US\"> </a><ul><li>Include all codes defined in <code>http://ehelse.no/fhir/CodeSystem/no-kodeverk-8233</code></li></ul></div>"},"url":"http://nhn.no/fhir/nilar/ValueSet/inf-item-type-vs","version":"1.4.2","name":"InfItemType_VS","title":"Inf Item Type VS","status":"active","date":"2025-03-20T10:06:13+00:00","publisher":"Norsk helsenett - Nilar","contact":[{"name":"Norsk helsenett - Nilar","telecom":[{"system":"url","value":"https://www.nhn.no"}]}],"description":"Codes for type of clinical information.","compose":{"include":[{"system":"http://ehelse.no/fhir/CodeSystem/no-kodeverk-8233"}]}}