{"resourceType":"ValueSet","id":"pretreatment-vs","text":{"status":"generated","div":"<div xmlns=\"http://www.w3.org/1999/xhtml\"><ul><li>Include all codes defined in <code>http://ehelse.no/fhir/CodeSystem/no-kodeverk-8232</code></li></ul></div>"},"url":"http://nhn.no/fhir/nilar/ValueSet/pretreatment-vs","version":"1.2.1","name":"Pretreatment_VS","title":"Pretreatment-VS","status":"active","date":"2023-06-07T09:10:14+00:00","publisher":"Norsk helsenett - Nilar","contact":[{"name":"Norsk helsenett - Nilar","telecom":[{"system":"url","value":"https://www.nhn.no"}]}],"description":"Codes for pretreatment of patient from which specimen is sampled.","compose":{"include":[{"system":"http://ehelse.no/fhir/CodeSystem/no-kodeverk-8232"}]}}