{"resourceType":"ValueSet","id":"typeof-diagnostic-report-vs","text":{"status":"generated","div":"<div xmlns=\"http://www.w3.org/1999/xhtml\"><ul><li>Include all codes defined in <code>http://ehelse.no/fhir/CodeSystem/no-kodeverk-8202</code></li></ul></div>"},"url":"http://nhn.no/fhir/nilar/ValueSet/typeof-diagnostic-report-vs","version":"1.3.0","name":"TypeDiagnosticReport_VS","title":"Type of diagnostic report","status":"active","date":"2023-08-30T12:04:38+00:00","publisher":"Norsk helsenett - Nilar","contact":[{"name":"Norsk helsenett - Nilar","telecom":[{"system":"url","value":"https://www.nhn.no"}]}],"description":"Type of diagnostic report, indication the kind of tests/procedures performed in a DiagnosticReport.","compose":{"include":[{"system":"http://ehelse.no/fhir/CodeSystem/no-kodeverk-8202"}]}}