{"resourceType":"ValueSet","id":"observation-result-vs","text":{"status":"generated","div":"<div xmlns=\"http://www.w3.org/1999/xhtml\"><p>This value set includes codes based on the following rules:</p><ul><li>Include all codes defined in <code>http://ehelse.no/fhir/CodeSystem/no-kodeverk-7010-norpat</code></li><li>Include all codes defined in <code>http://ehelse.no/fhir/CodeSystem/no-kodeverk-7270-ncrp</code></li><li>Include all codes defined in <code>http://ehelse.no/fhir/CodeSystem/no-kodeverk-8243</code></li><li>Include all codes defined in <code>http://ehelse.no/fhir/CodeSystem/no-kodeverk-8271</code></li><li>Include all codes defined in <code>http://ehelse.no/fhir/CodeSystem/no-kodeverk-8340</code></li></ul></div>"},"url":"http://nhn.no/fhir/nilar/ValueSet/observation-result-vs","version":"0.1.4","name":"ObservationResult_VS","title":"Observation Result VS","status":"active","date":"2022-12-23T09:32:03+00:00","publisher":"Norsk helsenett - Nilar","contact":[{"name":"Norsk helsenett - Nilar","telecom":[{"system":"url","value":"https://www.nhn.no"}]}],"description":"Codes used to convey textual result values.","compose":{"include":[{"system":"http://ehelse.no/fhir/CodeSystem/no-kodeverk-7010-norpat"},{"system":"http://ehelse.no/fhir/CodeSystem/no-kodeverk-7270-ncrp"},{"system":"http://ehelse.no/fhir/CodeSystem/no-kodeverk-8243"},{"system":"http://ehelse.no/fhir/CodeSystem/no-kodeverk-8271"},{"system":"http://ehelse.no/fhir/CodeSystem/no-kodeverk-8340"}]}}