<?xml version="1.0" encoding="UTF-8"?>

<CodeSystem xmlns="http://hl7.org/fhir">
  <id value="public-id-type-cs"/>
  <text>
    <status value="generated"/><div xmlns="http://www.w3.org/1999/xhtml">Placeholder</div>
  </text>
  <url value="http://nhn.no/fhir/nilar/CodeSystem/public-id-type-cs"/>
  <version value="1.3.0"/>
  <name value="PublicIdType_CS"/>
  <title value="Public Id Type CS"/>
  <status value="active"/>
  <date value="2023-08-30T12:04:38+00:00"/>
  <publisher value="Norsk helsenett - Nilar"/>
  <contact>
    <name value="Norsk helsenett - Nilar"/>
    <telecom>
      <system value="url"/>
      <value value="https://www.nhn.no"/>
    </telecom>
  </contact>
  <description value="Id types used to identify patients"/>
  <content value="complete"/>
  <count value="3"/>
  <concept>
    <code value="urn:oid:2.16.578.1.12.4.1.4.1"/>
    <display value="FNR"/>
    <definition value="Fødselsnummer"/>
  </concept>
  <concept>
    <code value="urn:oid:2.16.578.1.12.4.1.4.2"/>
    <display value="DNR"/>
    <definition value="D-nummer"/>
  </concept>
  <concept>
    <code value="urn:oid:2.16.578.1.12.4.1.4.3"/>
    <display value="FHNR"/>
    <definition value="Felles hjelpenummer"/>
  </concept>
</CodeSystem>