<?xml version="1.0" encoding="UTF-8"?>

<ValueSet xmlns="http://hl7.org/fhir">
  <id value="payment-category-vs"/>
  <text>
    <status value="generated"/><div xmlns="http://www.w3.org/1999/xhtml"><p class="res-header-id"><b>Generated Narrative: ValueSet payment-category-vs</b></p><a name="payment-category-vs"> </a><a name="hcpayment-category-vs"> </a><a name="payment-category-vs-en-US"> </a><ul><li>Include all codes defined in <code>http://ehelse.no/fhir/CodeSystem/no-kodeverk-4101</code></li></ul></div>
  </text>
  <url value="http://nhn.no/fhir/nilar/ValueSet/payment-category-vs"/>
  <version value="1.4.2"/>
  <name value="PaymentCategory_VS"/>
  <title value="Payment Category VS"/>
  <status value="active"/>
  <date value="2025-03-20T10:06:13+00:00"/>
  <publisher value="Norsk helsenett - Nilar"/>
  <contact>
    <name value="Norsk helsenett - Nilar"/>
    <telecom>
      <system value="url"/>
      <value value="https://www.nhn.no"/>
    </telecom>
  </contact>
  <description value="Codes for who will pay for the investigations."/>
  <compose>
    <include>
      <system value="http://ehelse.no/fhir/CodeSystem/no-kodeverk-4101"/>
    </include>
  </compose>
</ValueSet>