<?xml version="1.0" encoding="UTF-8"?>

<ValueSet xmlns="http://hl7.org/fhir">
  <id value="collector-comment-vs"/>
  <text>
    <status value="generated"/><div xmlns="http://www.w3.org/1999/xhtml"><p class="res-header-id"><b>Generated Narrative: ValueSet collector-comment-vs</b></p><a name="collector-comment-vs"> </a><a name="hccollector-comment-vs"> </a><a name="hccollector-comment-vs-en-US"> </a><ul><li>Include all codes defined in <code>http://ehelse.no/fhir/CodeSystem/no-kodeverk-8275</code></li></ul></div>
  </text>
  <url value="http://nhn.no/fhir/nilar/ValueSet/collector-comment-vs"/>
  <version value="1.4.1"/>
  <name value="CollectorComment_VS"/>
  <title value="Collector Comment VS"/>
  <status value="active"/>
  <date value="2024-07-02T13:23:40+00:00"/>
  <publisher value="Norsk helsenett - Nilar"/>
  <contact>
    <name value="Norsk helsenett - Nilar"/>
    <telecom>
      <system value="url"/>
      <value value="https://www.nhn.no"/>
    </telecom>
  </contact>
  <description value="Coded comments from collector of sample."/>
  <compose>
    <include>
      <system value="http://ehelse.no/fhir/CodeSystem/no-kodeverk-8275"/>
    </include>
  </compose>
</ValueSet>