<?xml version="1.0" encoding="UTF-8"?>

<ValueSet xmlns="http://hl7.org/fhir">
  <id value="person-id-type-vs"/>
  <text>
    <status value="generated"/><div xmlns="http://www.w3.org/1999/xhtml"><p>This value set includes codes based on the following rules:</p><ul><li>Include all codes defined in <a href="CodeSystem-public-id-type-cs.html"><code>http://nhn.no/fhir/nilar/CodeSystem/public-id-type-cs</code></a></li><li>Include all codes defined in <a href="CodeSystem-person-id-type-cs.html"><code>http://nhn.no/fhir/nilar/CodeSystem/person-id-type-cs</code></a></li></ul></div>
  </text>
  <url value="http://nhn.no/fhir/nilar/ValueSet/person-id-type-vs"/>
  <version value="0.1.2"/>
  <name value="PersonIdType_VS"/>
  <title value="Person Id Type VS"/>
  <status value="active"/>
  <date value="2022-11-25T10:32:08+00:00"/>
  <publisher value="Norsk helsenett - Nilar"/>
  <contact>
    <name value="Norsk helsenett - Nilar"/>
    <telecom>
      <system value="url"/>
      <value value="https://www.nhn.no"/>
    </telecom>
  </contact>
  <description value="Id types used to identify persons involved, other than the patient."/>
  <compose>
    <include>
      <system value="http://nhn.no/fhir/nilar/CodeSystem/public-id-type-cs"/>
    </include>
    <include>
      <system value="http://nhn.no/fhir/nilar/CodeSystem/person-id-type-cs"/>
    </include>
  </compose>
</ValueSet>