<?xml version="1.0" encoding="UTF-8"?>

<ValueSet xmlns="http://hl7.org/fhir">
  <id value="expertise-vs"/>
  <text>
    <status value="generated"/><div xmlns="http://www.w3.org/1999/xhtml"><ul><li>Include these codes as defined in <code>http://ehelse.no/fhir/CodeSystem/no-kodeverk-8202</code><table class="none"><tr><td style="white-space:nowrap"><b>Code</b></td><td><b>Display</b></td></tr><tr><td>CLIN</td><td>Medisinsk biokjemi</td></tr><tr><td>MBIO</td><td>Medisinsk mikrobiologi</td></tr><tr><td>MGEN</td><td>Medisinsk genetikk</td></tr><tr><td>FARM</td><td>Klinisk farmakologi</td></tr><tr><td>IMTR</td><td>Immunologi og transfusjonsmedisin</td></tr><tr><td>PAT</td><td>Patologi</td></tr><tr><td>RAD</td><td>Radiologi</td></tr><tr><td>NUK</td><td>Nukleærmedisin</td></tr></table></li></ul></div>
  </text>
  <url value="http://nhn.no/fhir/nilar/ValueSet/expertise-vs"/>
  <version value="1.0.0"/>
  <name value="Expertise_VS"/>
  <title value="Expertise ValueSet"/>
  <status value="active"/>
  <date value="2022-12-23T09:40:36+00:00"/>
  <publisher value="Norsk helsenett - Nilar"/>
  <contact>
    <name value="Norsk helsenett - Nilar"/>
    <telecom>
      <system value="url"/>
      <value value="https://www.nhn.no"/>
    </telecom>
  </contact>
  <description value="Expertise of investigation used in producing an Observation."/>
  <compose>
    <include>
      <system value="http://ehelse.no/fhir/CodeSystem/no-kodeverk-8202"/>
      <concept>
        <code value="CLIN"/>
        <display value="Medisinsk biokjemi"/>
      </concept>
      <concept>
        <code value="MBIO"/>
        <display value="Medisinsk mikrobiologi"/>
      </concept>
      <concept>
        <code value="MGEN"/>
        <display value="Medisinsk genetikk"/>
      </concept>
      <concept>
        <code value="FARM"/>
        <display value="Klinisk farmakologi"/>
      </concept>
      <concept>
        <code value="IMTR"/>
        <display value="Immunologi og transfusjonsmedisin"/>
      </concept>
      <concept>
        <code value="PAT"/>
        <display value="Patologi"/>
      </concept>
      <concept>
        <code value="RAD"/>
        <display value="Radiologi"/>
      </concept>
      <concept>
        <code value="NUK"/>
        <display value="Nukleærmedisin"/>
      </concept>
    </include>
  </compose>
</ValueSet>