<?xml version="1.0" encoding="UTF-8"?>

<ValueSet xmlns="http://hl7.org/fhir">
  <id value="id-provider-vs"/>
  <text>
    <status value="generated"/><div xmlns="http://www.w3.org/1999/xhtml"><ul><li>Include all codes defined in <a href="CodeSystem-id-provider-cs.html"><code>http://nhn.no/fhir/nilar/CodeSystem/id-provider-cs</code></a></li></ul></div>
  </text>
  <url value="http://nhn.no/fhir/nilar/ValueSet/id-provider-vs"/>
  <version value="0.1.0"/>
  <name value="IdProvider_VS"/>
  <title value="Id Provider VS"/>
  <status value="active"/>
  <date value="2022-10-10T09:03:48+00:00"/>
  <publisher value="Norsk helsenett - Nilar"/>
  <contact>
    <name value="Norsk helsenett - Nilar"/>
    <telecom>
      <system value="url"/>
      <value value="https://www.nhn.no"/>
    </telecom>
  </contact>
  <description value="Various resources has one or two identifiers, provided by requester or service provider. These are the naming systems used to represent the origins of the identifiers."/>
  <compose>
    <include>
      <system value="http://nhn.no/fhir/nilar/CodeSystem/id-provider-cs"/>
    </include>
  </compose>
</ValueSet>