<?xml version="1.0" encoding="UTF-8"?>

<ValueSet xmlns="http://hl7.org/fhir">
  <id value="deviation-indicator-vs"/>
  <text>
    <status value="generated"/><div xmlns="http://www.w3.org/1999/xhtml"><ul><li>Include all codes defined in <code>http://ehelse.no/fhir/CodeSystem/no-kodeverk-8244</code></li></ul></div>
  </text>
  <url value="http://nhn.no/fhir/nilar/ValueSet/deviation-indicator-vs"/>
  <version value="0.1.3"/>
  <name value="DeviationIndicator_VS"/>
  <title value="Deviation Indicator VS"/>
  <status value="active"/>
  <date value="2022-12-08T09:21:28+00:00"/>
  <publisher value="Norsk helsenett - Nilar"/>
  <contact>
    <name value="Norsk helsenett - Nilar"/>
    <telecom>
      <system value="url"/>
      <value value="https://www.nhn.no"/>
    </telecom>
  </contact>
  <description value="Indicates if a numeric observation value is ouside reference boundaries."/>
  <compose>
    <include>
      <system value="http://ehelse.no/fhir/CodeSystem/no-kodeverk-8244"/>
    </include>
  </compose>
</ValueSet>