<?xml version="1.0" encoding="UTF-8"?>

<ValueSet xmlns="http://hl7.org/fhir">
  <id value="requisition-comment-vs"/>
  <text>
    <status value="generated"/><div xmlns="http://www.w3.org/1999/xhtml"><p class="res-header-id"><b>Generated Narrative: ValueSet requisition-comment-vs</b></p><a name="requisition-comment-vs"> </a><a name="hcrequisition-comment-vs"> </a><a name="hcrequisition-comment-vs-en-US"> </a><p>This value set includes codes based on the following rules:</p><ul><li>Include all codes defined in <code>http://ehelse.no/fhir/CodeSystem/no-kodeverk-8234</code></li><li>Include all codes defined in <code>http://ehelse.no/fhir/CodeSystem/no-kodeverk-8274</code></li></ul></div>
  </text>
  <url value="http://nhn.no/fhir/nilar/ValueSet/requisition-comment-vs"/>
  <version value="1.4.0"/>
  <name value="RequisitionComment_VS"/>
  <title value="Requisition Comment VS"/>
  <status value="active"/>
  <date value="2024-06-28T12:17:56+00:00"/>
  <publisher value="Norsk helsenett - Nilar"/>
  <contact>
    <name value="Norsk helsenett - Nilar"/>
    <telecom>
      <system value="url"/>
      <value value="https://www.nhn.no"/>
    </telecom>
  </contact>
  <description value="Codes used in requsition comments. 8234 represents 'heading', 8274 reresents coded text."/>
  <compose>
    <include>
      <system value="http://ehelse.no/fhir/CodeSystem/no-kodeverk-8234"/>
    </include>
    <include>
      <system value="http://ehelse.no/fhir/CodeSystem/no-kodeverk-8274"/>
    </include>
  </compose>
</ValueSet>