<?xml version="1.0" encoding="UTF-8"?>

<ValueSet xmlns="http://hl7.org/fhir">
  <id value="request-reason-vs"/>
  <text>
    <status value="generated"/><div xmlns="http://www.w3.org/1999/xhtml"><p class="res-header-id"><b>Generated Narrative: ValueSet request-reason-vs</b></p><a name="request-reason-vs"> </a><a name="hcrequest-reason-vs"> </a><a name="hcrequest-reason-vs-en-US"> </a><ul><li>Include all codes defined in <code>http://ehelse.no/fhir/CodeSystem/no-kodeverk-8231</code></li></ul></div>
  </text>
  <url value="http://nhn.no/fhir/nilar/ValueSet/request-reason-vs"/>
  <version value="1.4.1"/>
  <name value="RequestReason_VS"/>
  <title value="Request Reason VS"/>
  <status value="active"/>
  <date value="2024-07-02T13:23:40+00:00"/>
  <publisher value="Norsk helsenett - Nilar"/>
  <contact>
    <name value="Norsk helsenett - Nilar"/>
    <telecom>
      <system value="url"/>
      <value value="https://www.nhn.no"/>
    </telecom>
  </contact>
  <description value="Type of text reply, indicates reason for request."/>
  <compose>
    <include>
      <system value="http://ehelse.no/fhir/CodeSystem/no-kodeverk-8231"/>
    </include>
  </compose>
</ValueSet>