[
  {
    "id" : "identifier-source-cs",
    "type" : "CodeSystem",
    "url" : "http://nhn.no/fhir/nilar/CodeSystem/identifier-source-cs",
    "version" : "0.1.4",
    "name" : "IdentifierSource_CS"
  },
  {
    "id" : "organization-id-type-cs",
    "type" : "CodeSystem",
    "url" : "http://nhn.no/fhir/nilar/CodeSystem/organization-id-type-cs",
    "version" : "0.1.4",
    "name" : "OrganizationIdType_CS"
  },
  {
    "id" : "person-id-type-cs",
    "type" : "CodeSystem",
    "url" : "http://nhn.no/fhir/nilar/CodeSystem/person-id-type-cs",
    "version" : "0.1.4",
    "name" : "PersonIdType_CS"
  },
  {
    "id" : "public-id-type-cs",
    "type" : "CodeSystem",
    "url" : "http://nhn.no/fhir/nilar/CodeSystem/public-id-type-cs",
    "version" : "0.1.4",
    "name" : "PublicIdType_CS"
  },
  {
    "id" : "diagnostic.report.nilar",
    "type" : "ImplementationGuide",
    "url" : "http://nhn.no/fhir/nilar/ImplementationGuide/diagnostic.report.nilar",
    "version" : "0.1.4",
    "name" : "DiagnosticReportIG"
  },
  {
    "id" : "nilar-accredited",
    "type" : "StructureDefinition",
    "url" : "http://nhn.no/fhir/nilar/StructureDefinition/nilar-accredited",
    "version" : "0.1.4",
    "name" : "Accredited"
  },
  {
    "id" : "nilar-comment",
    "type" : "StructureDefinition",
    "url" : "http://nhn.no/fhir/nilar/StructureDefinition/nilar-comment",
    "version" : "0.1.4",
    "name" : "Comment"
  },
  {
    "id" : "nilar-diagnostic-report",
    "type" : "StructureDefinition",
    "url" : "http://nhn.no/fhir/nilar/StructureDefinition/nilar-diagnostic-report",
    "version" : "0.1.4",
    "name" : "NilarDiagnosticReport"
  },
  {
    "id" : "nilar-diagnostic-report-ref",
    "type" : "StructureDefinition",
    "url" : "http://nhn.no/fhir/nilar/StructureDefinition/nilar-diagnostic-report-ref",
    "version" : "0.1.4",
    "name" : "DiagnosticReportRef"
  },
  {
    "id" : "nilar-history",
    "type" : "StructureDefinition",
    "url" : "http://nhn.no/fhir/nilar/StructureDefinition/nilar-history",
    "version" : "0.1.4",
    "name" : "History"
  },
  {
    "id" : "nilar-observation",
    "type" : "StructureDefinition",
    "url" : "http://nhn.no/fhir/nilar/StructureDefinition/nilar-observation",
    "version" : "0.1.4",
    "name" : "NilarObservation"
  },
  {
    "id" : "nilar-other-info",
    "type" : "StructureDefinition",
    "url" : "http://nhn.no/fhir/nilar/StructureDefinition/nilar-other-info",
    "version" : "0.1.4",
    "name" : "OtherInfo"
  },
  {
    "id" : "nilar-practitioner-role",
    "type" : "StructureDefinition",
    "url" : "http://nhn.no/fhir/nilar/StructureDefinition/nilar-practitioner-role",
    "version" : "0.1.4",
    "name" : "NilarPractitionerRole"
  },
  {
    "id" : "nilar-service-request",
    "type" : "StructureDefinition",
    "url" : "http://nhn.no/fhir/nilar/StructureDefinition/nilar-service-request",
    "version" : "0.1.4",
    "name" : "NilarServiceRequest"
  },
  {
    "id" : "nilar-specimen",
    "type" : "StructureDefinition",
    "url" : "http://nhn.no/fhir/nilar/StructureDefinition/nilar-specimen",
    "version" : "0.1.4",
    "name" : "NilarSpecimen"
  },
  {
    "id" : "all-observation-codes-vs",
    "type" : "ValueSet",
    "url" : "http://nhn.no/fhir/nilar/ValueSet/all-observation-codes-vs",
    "version" : "0.1.4",
    "name" : "AllObservationCodes_VS"
  },
  {
    "id" : "deviation-indicator-vs",
    "type" : "ValueSet",
    "url" : "http://nhn.no/fhir/nilar/ValueSet/deviation-indicator-vs",
    "version" : "0.1.4",
    "name" : "DeviationIndicator_VS"
  },
  {
    "id" : "expertise-vs",
    "type" : "ValueSet",
    "url" : "http://nhn.no/fhir/nilar/ValueSet/expertise-vs",
    "version" : "0.1.4",
    "name" : "Expertise_VS"
  },
  {
    "id" : "identifier-source-vs",
    "type" : "ValueSet",
    "url" : "http://nhn.no/fhir/nilar/ValueSet/identifier-source-vs",
    "version" : "0.1.4",
    "name" : "IdentifierSource_VS"
  },
  {
    "id" : "investigation-id-vs",
    "type" : "ValueSet",
    "url" : "http://nhn.no/fhir/nilar/ValueSet/investigation-id-vs",
    "version" : "0.1.4",
    "name" : "InvestigationId_VS"
  },
  {
    "id" : "investigation-spec-vs",
    "type" : "ValueSet",
    "url" : "http://nhn.no/fhir/nilar/ValueSet/investigation-spec-vs",
    "version" : "0.1.4",
    "name" : "InvestigationSpec_VS"
  },
  {
    "id" : "main-expertise-vs",
    "type" : "ValueSet",
    "url" : "http://nhn.no/fhir/nilar/ValueSet/main-expertise-vs",
    "version" : "0.1.4",
    "name" : "MainExpertise_VS"
  },
  {
    "id" : "observation-result-vs",
    "type" : "ValueSet",
    "url" : "http://nhn.no/fhir/nilar/ValueSet/observation-result-vs",
    "version" : "0.1.4",
    "name" : "ObservationResult_VS"
  },
  {
    "id" : "organization-it-type-vs",
    "type" : "ValueSet",
    "url" : "http://nhn.no/fhir/nilar/ValueSet/organization-it-type-vs",
    "version" : "0.1.4",
    "name" : "OrganizationItType_VS"
  },
  {
    "id" : "person-id-type-vs",
    "type" : "ValueSet",
    "url" : "http://nhn.no/fhir/nilar/ValueSet/person-id-type-vs",
    "version" : "0.1.4",
    "name" : "PersonIdType_VS"
  },
  {
    "id" : "public-it-type-vs",
    "type" : "ValueSet",
    "url" : "http://nhn.no/fhir/nilar/ValueSet/public-it-type-vs",
    "version" : "0.1.4",
    "name" : "PublicIdType_VS"
  },
  {
    "id" : "request-reason-vs",
    "type" : "ValueSet",
    "url" : "http://nhn.no/fhir/nilar/ValueSet/request-reason-vs",
    "version" : "0.1.4",
    "name" : "RequestReason_VS"
  },
  {
    "id" : "specimen-type-vs",
    "type" : "ValueSet",
    "url" : "http://nhn.no/fhir/nilar/ValueSet/specimen-type-vs",
    "version" : "0.1.4",
    "name" : "SpecimenType_VS"
  },
  {
    "id" : "typeof-diagnostic-report-vs",
    "type" : "ValueSet",
    "url" : "http://nhn.no/fhir/nilar/ValueSet/typeof-diagnostic-report-vs",
    "version" : "0.1.4",
    "name" : "TypeDiagnosticReport_VS"
  }
]
