{
  "resourceType" : "ValueSet",
  "id" : "payment-category-vs",
  "text" : {
    "status" : "generated",
    "div" : "<div xmlns=\"http://www.w3.org/1999/xhtml\"><p class=\"res-header-id\"><b>Generated Narrative: ValueSet payment-category-vs</b></p><a name=\"payment-category-vs\"> </a><a name=\"hcpayment-category-vs\"> </a><a name=\"payment-category-vs-en-US\"> </a><ul><li>Include all codes defined in <code>http://ehelse.no/fhir/CodeSystem/no-kodeverk-4101</code></li></ul></div>"
  },
  "url" : "http://nhn.no/fhir/nilar/ValueSet/payment-category-vs",
  "version" : "1.4.2",
  "name" : "PaymentCategory_VS",
  "title" : "Payment Category VS",
  "status" : "active",
  "date" : "2025-03-20T10:06:13+00:00",
  "publisher" : "Norsk helsenett - Nilar",
  "contact" : [{
    "name" : "Norsk helsenett - Nilar",
    "telecom" : [{
      "system" : "url",
      "value" : "https://www.nhn.no"
    }]
  }],
  "description" : "Codes for who will pay for the investigations.",
  "compose" : {
    "include" : [{
      "system" : "http://ehelse.no/fhir/CodeSystem/no-kodeverk-4101"
    }]
  }
}