<?xml version="1.0" encoding="UTF-8"?>

<ValueSet xmlns="http://hl7.org/fhir">
  <id value="report-comment-vs"/>
  <text>
    <status value="generated"/><div xmlns="http://www.w3.org/1999/xhtml"><p class="res-header-id"><b>Generated Narrative: ValueSet report-comment-vs</b></p><a name="report-comment-vs"> </a><a name="hcreport-comment-vs"> </a><p>This value set includes codes based on the following rules:</p><ul><li>Include all codes defined in <code>http://ehelse.no/fhir/CodeSystem/no-kodeverk-8269</code></li><li>Include all codes defined in <code>http://ehelse.no/fhir/CodeSystem/no-kodeverk-8272</code></li><li>Include all codes defined in <code>http://ehelse.no/fhir/CodeSystem/no-kodeverk-8273</code></li></ul></div>
  </text>
  <url value="http://nhn.no/fhir/nilar/ValueSet/report-comment-vs"/>
  <version value="1.5.0"/>
  <name value="ReportComment_VS"/>
  <title value="Report Comment VS"/>
  <status value="active"/>
  <date value="2025-09-10T06:36:19+00:00"/>
  <publisher value="Norsk helsenett - Nilar"/>
  <contact>
    <name value="Norsk helsenett - Nilar"/>
    <telecom>
      <system value="url"/>
      <value value="https://www.nhn.no"/>
    </telecom>
  </contact>
  <description value="Codes used for comments in diagnostic report."/>
  <compose>
    <include>
      <system value="http://ehelse.no/fhir/CodeSystem/no-kodeverk-8269"/>
    </include>
    <include>
      <system value="http://ehelse.no/fhir/CodeSystem/no-kodeverk-8272"/>
    </include>
    <include>
      <system value="http://ehelse.no/fhir/CodeSystem/no-kodeverk-8273"/>
    </include>
  </compose>
</ValueSet>