{
  "resourceType" : "ValueSet",
  "id" : "investigation-method-vs",
  "text" : {
    "status" : "generated",
    "div" : "<div xmlns=\"http://www.w3.org/1999/xhtml\"><p class=\"res-header-id\"><b>Generated Narrative: ValueSet investigation-method-vs</b></p><a name=\"investigation-method-vs\"> </a><a name=\"hcinvestigation-method-vs\"> </a><a name=\"investigation-method-vs-en-US\"> </a><ul><li>Include all codes defined in <code>http://ehelse.no/fhir/CodeSystem/no-kodeverk-8354</code></li></ul></div>"
  },
  "url" : "http://nhn.no/fhir/nilar/ValueSet/investigation-method-vs",
  "version" : "1.4.2",
  "name" : "InvestigationMethod_VS",
  "title" : "Investigation Method VS",
  "status" : "active",
  "date" : "2025-03-20T10:06:13+00:00",
  "publisher" : "Norsk helsenett - Nilar",
  "contact" : [{
    "name" : "Norsk helsenett - Nilar",
    "telecom" : [{
      "system" : "url",
      "value" : "https://www.nhn.no"
    }]
  }],
  "description" : "Codes used to specify method used in investigation.",
  "compose" : {
    "include" : [{
      "system" : "http://ehelse.no/fhir/CodeSystem/no-kodeverk-8354"
    }]
  }
}