<?xml version="1.0" encoding="UTF-8"?>

<ValueSet xmlns="http://hl7.org/fhir">
  <id value="typeof-diagnostic-report-vs"/>
  <text>
    <status value="generated"/><div xmlns="http://www.w3.org/1999/xhtml"><ul><li>Include all codes defined in <code>http://ehelse.no/fhir/CodeSystem/no-kodeverk-8202</code></li></ul></div>
  </text>
  <url value="http://nhn.no/fhir/nilar/ValueSet/typeof-diagnostic-report-vs"/>
  <version value="0.1.2"/>
  <name value="TypeDiagnosticReport_VS"/>
  <title value="Type of diagnostic report"/>
  <status value="active"/>
  <date value="2022-11-25T10:32:08+00:00"/>
  <publisher value="Norsk helsenett - Nilar"/>
  <contact>
    <name value="Norsk helsenett - Nilar"/>
    <telecom>
      <system value="url"/>
      <value value="https://www.nhn.no"/>
    </telecom>
  </contact>
  <description value="Type of diagnostic report, indication the kind of tests/procedures performed in a DiagnosticReport."/>
  <compose>
    <include>
      <system value="http://ehelse.no/fhir/CodeSystem/no-kodeverk-8202"/>
    </include>
  </compose>
</ValueSet>