<?xml version="1.0" encoding="UTF-8"?>

<ValueSet xmlns="http://hl7.org/fhir">
  <id value="investigation-spec-vs"/>
  <text>
    <status value="generated"/><div xmlns="http://www.w3.org/1999/xhtml"><p>This value set includes codes based on the following rules:</p><ul><li>Include all codes defined in <code>http://ehelse.no/fhir/CodeSystem/no-kodeverk-7010-norpat</code></li><li>Include all codes defined in <code>http://ehelse.no/fhir/CodeSystem/no-kodeverk-7270-ncrp</code></li><li>Include all codes defined in <code>http://ehelse.no/fhir/CodeSystem/no-kodeverk-7280-nlk</code></li><li>Include all codes defined in <code>http://ehelse.no/fhir/CodeSystem/no-kodeverk-8212</code></li></ul></div>
  </text>
  <url value="http://nhn.no/fhir/nilar/ValueSet/investigation-spec-vs"/>
  <version value="0.1.4"/>
  <name value="InvestigationSpec_VS"/>
  <title value="Investigation Spec VS"/>
  <status value="active"/>
  <date value="2022-12-23T09:32:03+00:00"/>
  <publisher value="Norsk helsenett - Nilar"/>
  <contact>
    <name value="Norsk helsenett - Nilar"/>
    <telecom>
      <system value="url"/>
      <value value="https://www.nhn.no"/>
    </telecom>
  </contact>
  <description value="Codes used to specify individual investigations regarding methods used."/>
  <compose>
    <include>
      <system value="http://ehelse.no/fhir/CodeSystem/no-kodeverk-7010-norpat"/>
    </include>
    <include>
      <system value="http://ehelse.no/fhir/CodeSystem/no-kodeverk-7270-ncrp"/>
    </include>
    <include>
      <system value="http://ehelse.no/fhir/CodeSystem/no-kodeverk-7280-nlk"/>
    </include>
    <include>
      <system value="http://ehelse.no/fhir/CodeSystem/no-kodeverk-8212"/>
    </include>
  </compose>
</ValueSet>