<?xml version="1.0" encoding="UTF-8"?><CodeSystem xmlns="http://hl7.org/fhir"><id value="id-provider-cs"/><text><status value="generated"/><div xmlns="http://www.w3.org/1999/xhtml"><p>This code system <code>http://nhn.no/fhir/nilar/CodeSystem/id-provider-cs</code> defines the following codes:</p><table class="codes"><tr><td style="white-space:nowrap"><b>Code</b></td><td><b>Display</b></td><td><b>Definition</b></td></tr><tr><td style="white-space:nowrap">IdByServiceProvider<a name="id-provider-cs-IdByServiceProvider"> </a></td><td>IdByServProv</td><td>Id created by service provider (laboratory etc.)</td></tr><tr><td style="white-space:nowrap">IdByRequester<a name="id-provider-cs-IdByRequester"> </a></td><td>IdByRequester</td><td>Id created by requester (GP etc.)</td></tr></table></div></text><url value="http://nhn.no/fhir/nilar/CodeSystem/id-provider-cs"/><version value="0.1.1"/><name value="IdProvider_CS"/><title value="Id Provider CS"/><status value="active"/><date value="2022-11-09T12:26:10+00:00"/><publisher value="Norsk helsenett - Nilar"/><contact><name value="Norsk helsenett - Nilar"/><telecom><system value="url"/><value value="https://www.nhn.no"/></telecom></contact><description value="Various resources has one or two identifiers, provided by requester or service provider. These are the naming systems used to represent the origins of the identifiers."/><content value="complete"/><count value="2"/><concept><code value="IdByServiceProvider"/><display value="IdByServProv"/><definition value="Id created by service provider (laboratory etc.)"/></concept><concept><code value="IdByRequester"/><display value="IdByRequester"/><definition value="Id created by requester (GP etc.)"/></concept></CodeSystem>