<?xml version="1.0" encoding="UTF-8"?><CodeSystem xmlns="http://hl7.org/fhir"><id value="identifier-source-cs"/><text><status value="generated"/><div xmlns="http://www.w3.org/1999/xhtml"><p class="res-header-id"><b>Generated Narrative: CodeSystem identifier-source-cs</b></p><a name="identifier-source-cs"> </a><a name="hcidentifier-source-cs"> </a><a name="hcidentifier-source-cs-en-US"> </a><p>This  code system <code>http://nhn.no/fhir/nilar/CodeSystem/identifier-source-cs</code> defines the following codes:</p><table class="codes"><tr><td style="white-space:nowrap"><b>Code</b></td><td><b>Display</b></td><td><b>Definition</b></td></tr><tr><td style="white-space:nowrap">MsgId<a name="identifier-source-cs-MsgId"> </a></td><td>MessageId</td><td>Id for the message ('envelope') used to convey the report. Useful in some tracing scenarios.</td></tr><tr><td style="white-space:nowrap">ServReqId<a name="identifier-source-cs-ServReqId"> </a></td><td>ServiceRequestId</td><td>Id of the service request, given by the requester.</td></tr><tr><td style="white-space:nowrap">ServReqIdByServProvider<a name="identifier-source-cs-ServReqIdByServProvider"> </a></td><td>ServiceRequestIdByServiceProvider</td><td>Id of the service request, given by the service provider.</td></tr><tr><td style="white-space:nowrap">AnalysedSubjectId<a name="identifier-source-cs-AnalysedSubjectId"> </a></td><td>AnalysedSubjectId</td><td>Id of the analysed subbject (Spesimen), given by the requester.</td></tr><tr><td style="white-space:nowrap">AnalysedSubjectIdByRequester<a name="identifier-source-cs-AnalysedSubjectIdByRequester"> </a></td><td>AnalysedSubjectIdByServiceProvider</td><td>Id of the analysed subbject (Spesimen), given by the service provider.</td></tr><tr><td style="white-space:nowrap">ServReportId<a name="identifier-source-cs-ServReportId"> </a></td><td>ServiceReportId</td><td>Id of the ServReport (DiagnosticReport), always given by service provider.</td></tr><tr><td style="white-space:nowrap">ResultItemId<a name="identifier-source-cs-ResultItemId"> </a></td><td>ResultItemId</td><td>Id of the ServReport (DiagnosticReport), always given by service provider.</td></tr></table></div></text><url value="http://nhn.no/fhir/nilar/CodeSystem/identifier-source-cs"/><version value="1.4.0"/><name value="IdentifierSource_CS"/><title value="Identifier Source CS"/><status value="active"/><date value="2024-06-28T12:17:56+00:00"/><publisher value="Norsk helsenett - Nilar"/><contact><name value="Norsk helsenett - Nilar"/><telecom><system value="url"/><value value="https://www.nhn.no"/></telecom></contact><description value="Various resources has one or two identifiers, provided by requester or service provider. These are naming systems used to identify the origin of the identifiers."/><content value="complete"/><count value="7"/><concept><code value="MsgId"/><display value="MessageId"/><definition value="Id for the message ('envelope') used to convey the report. Useful in some tracing scenarios."/></concept><concept><code value="ServReqId"/><display value="ServiceRequestId"/><definition value="Id of the service request, given by the requester."/></concept><concept><code value="ServReqIdByServProvider"/><display value="ServiceRequestIdByServiceProvider"/><definition value="Id of the service request, given by the service provider."/></concept><concept><code value="AnalysedSubjectId"/><display value="AnalysedSubjectId"/><definition value="Id of the analysed subbject (Spesimen), given by the requester."/></concept><concept><code value="AnalysedSubjectIdByRequester"/><display value="AnalysedSubjectIdByServiceProvider"/><definition value="Id of the analysed subbject (Spesimen), given by the service provider."/></concept><concept><code value="ServReportId"/><display value="ServiceReportId"/><definition value="Id of the ServReport (DiagnosticReport), always given by service provider."/></concept><concept><code value="ResultItemId"/><display value="ResultItemId"/><definition value="Id of the ServReport (DiagnosticReport), always given by service provider."/></concept></CodeSystem>