<?xml version="1.0" encoding="UTF-8"?><ValueSet xmlns="http://hl7.org/fhir"><id value="identifier-source-vs"/><text><status value="generated"/><div xmlns="http://www.w3.org/1999/xhtml"><ul><li>Include all codes defined in <a href="CodeSystem-identifier-source-cs.html"><code>http://nhn.no/fhir/nilar/CodeSystem/identifier-source-cs</code></a></li></ul></div></text><url value="http://nhn.no/fhir/nilar/ValueSet/identifier-source-vs"/><version value="0.1.4"/><name value="IdentifierSource_VS"/><title value="Identifier Source VS"/><status value="active"/><date value="2022-12-23T09:32:03+00:00"/><publisher value="Norsk helsenett - Nilar"/><contact><name value="Norsk helsenett - Nilar"/><telecom><system value="url"/><value value="https://www.nhn.no"/></telecom></contact><description value="Various resources has one or two identifiers, provided by requester or service provider. These are the naming systems used to identify the origin of the identifiers."/><compose><include><system value="http://nhn.no/fhir/nilar/CodeSystem/identifier-source-cs"/></include></compose></ValueSet>