<?xml version="1.0" encoding="UTF-8"?><ValueSet xmlns="http://hl7.org/fhir"><id value="request-reason-vs"/><text><status value="generated"/><div xmlns="http://www.w3.org/1999/xhtml"><ul><li>Include all codes defined in <code>http://ehelse.no/fhir/CodeSystem/no-kodeverk-8231</code></li></ul></div></text><url value="http://nhn.no/fhir/nilar/ValueSet/request-reason-vs"/><version value="0.1.1"/><name value="RequestReason_VS"/><title value="Request Reason VS"/><status value="active"/><date value="2022-11-09T12:26:10+00:00"/><publisher value="Norsk helsenett - Nilar"/><contact><name value="Norsk helsenett - Nilar"/><telecom><system value="url"/><value value="https://www.nhn.no"/></telecom></contact><description value="Type of text reply, indicates reason for request."/><compose><include><system value="http://ehelse.no/fhir/CodeSystem/no-kodeverk-8231"/></include></compose></ValueSet>