<?xml version="1.0" encoding="UTF-8"?><ValueSet xmlns="http://hl7.org/fhir"><id value="reservation-codes-vs"/><text><status value="generated"/><div xmlns="http://www.w3.org/1999/xhtml"><ul><li>Include all codes defined in <code>http://ehelse.no/fhir/CodeSystem/no-kodeverk-3108</code></li></ul></div></text><url value="http://nhn.no/fhir/nilar/ValueSet/reservation-codes-vs"/><version value="1.2.1"/><name value="ReservationCodes_VS"/><title value="Reservation Codes"/><status value="active"/><date value="2023-06-07T09:10:14+00:00"/><publisher value="Norsk helsenett - Nilar"/><contact><name value="Norsk helsenett - Nilar"/><telecom><system value="url"/><value value="https://www.nhn.no"/></telecom></contact><description value="Reservations the patient might have, regarding registration etc."/><compose><include><system value="http://ehelse.no/fhir/CodeSystem/no-kodeverk-3108"/></include></compose></ValueSet>