<?xml version="1.0" encoding="UTF-8"?><ValueSet xmlns="http://hl7.org/fhir"><id value="investigation-id-vs"/><text><status value="generated"/><div xmlns="http://www.w3.org/1999/xhtml"><p>This value set includes codes based on the following rules:</p><ul><li>Include all codes defined in <code>http://ehelse.no/fhir/CodeSystem/no-kodeverk-7010-norpat</code></li><li>Include all codes defined in <code>http://ehelse.no/fhir/CodeSystem/no-kodeverk-7270-ncrp</code></li><li>Include all codes defined in <code>http://ehelse.no/fhir/CodeSystem/no-kodeverk-7280-nlk</code></li><li>Include all codes defined in <code>http://ehelse.no/fhir/CodeSystem/no-kodeverk-8212</code></li><li>Include all codes defined in <code>http://ehelse.no/fhir/CodeSystem/no-kodeverk-8219</code></li></ul></div></text><url value="http://nhn.no/fhir/nilar/ValueSet/investigation-id-vs"/><version value="0.1.2"/><name value="InvestigationId_VS"/><title value="Investigation Id VS"/><status value="active"/><date value="2022-11-25T10:32:08+00:00"/><publisher value="Norsk helsenett - Nilar"/><contact><name value="Norsk helsenett - Nilar"/><telecom><system value="url"/><value value="https://www.nhn.no"/></telecom></contact><description value="Codes used to identify individual investigations leading up to an observation."/><compose><include><system value="http://ehelse.no/fhir/CodeSystem/no-kodeverk-7010-norpat"/></include><include><system value="http://ehelse.no/fhir/CodeSystem/no-kodeverk-7270-ncrp"/></include><include><system value="http://ehelse.no/fhir/CodeSystem/no-kodeverk-7280-nlk"/></include><include><system value="http://ehelse.no/fhir/CodeSystem/no-kodeverk-8212"/></include><include><system value="http://ehelse.no/fhir/CodeSystem/no-kodeverk-8219"/></include></compose></ValueSet>