<?xml version="1.0" encoding="UTF-8"?><ValueSet xmlns="http://hl7.org/fhir"><id value="inf-item-coded-descr-vs"/><text><status value="generated"/><div xmlns="http://www.w3.org/1999/xhtml"><p class="res-header-id"><b>Generated Narrative: ValueSet inf-item-coded-descr-vs</b></p><a name="inf-item-coded-descr-vs"> </a><a name="hcinf-item-coded-descr-vs"> </a><a name="inf-item-coded-descr-vs-en-US"> </a><p>This value set includes codes based on the following rules:</p><ul><li>Include all codes defined in <code>http://ehelse.no/fhir/CodeSystem/no-kodeverk-8209</code></li><li>Include all codes defined in <code>http://ehelse.no/fhir/CodeSystem/no-kodeverk-8210</code></li><li>Include all codes defined in <code>http://ehelse.no/fhir/CodeSystem/no-kodeverk-8217</code></li><li>Include all codes defined in <code>http://ehelse.no/fhir/CodeSystem/no-kodeverk-8218</code></li><li>Include all codes defined in <code>http://ehelse.no/fhir/CodeSystem/no-kodeverk-8277</code></li></ul></div></text><url value="http://nhn.no/fhir/nilar/ValueSet/inf-item-coded-descr-vs"/><version value="1.4.2"/><name value="InfItemCodedDescr_VS"/><title value="Inf Item Coded Descr VS"/><status value="active"/><date value="2025-03-20T10:06:13+00:00"/><publisher value="Norsk helsenett - Nilar"/><contact><name value="Norsk helsenett - Nilar"/><telecom><system value="url"/><value value="https://www.nhn.no"/></telecom></contact><description value="Value set for coded description of clinical information."/><compose><include><system value="http://ehelse.no/fhir/CodeSystem/no-kodeverk-8209"/></include><include><system value="http://ehelse.no/fhir/CodeSystem/no-kodeverk-8210"/></include><include><system value="http://ehelse.no/fhir/CodeSystem/no-kodeverk-8217"/></include><include><system value="http://ehelse.no/fhir/CodeSystem/no-kodeverk-8218"/></include><include><system value="http://ehelse.no/fhir/CodeSystem/no-kodeverk-8277"/></include></compose></ValueSet>