<?xml version="1.0" encoding="UTF-8"?><ValueSet xmlns="http://hl7.org/fhir"><id value="outcome-details-vs"/><text><status value="generated"/><div xmlns="http://www.w3.org/1999/xhtml"><ul><li>Include all codes defined in <a href="CodeSystem-pvk-outcome-cs.html"><code>http://nhn.no/fhir/nilar/CodeSystem/pvk-outcome-cs</code></a></li></ul></div></text><url value="http://nhn.no/fhir/nilar/ValueSet/outcome-details-vs"/><version value="1.2.0"/><name value="OutcomeDetails_VS"/><title value="Outcome Details VS"/><status value="active"/><date value="2023-02-27T07:47:29+00:00"/><publisher value="Norsk helsenett - Nilar"/><contact><name value="Norsk helsenett - Nilar"/><telecom><system value="url"/><value value="https://www.nhn.no"/></telecom></contact><description value="A code that gives more details to the outcome, such as privacy settings."/><compose><include><system value="http://nhn.no/fhir/nilar/CodeSystem/pvk-outcome-cs"/></include></compose></ValueSet>