<?xml version="1.0" encoding="UTF-8"?><ValueSet xmlns="http://hl7.org/fhir"><id value="all-observation-codes-vs"/><text><status value="generated"/><div xmlns="http://www.w3.org/1999/xhtml"><p class="res-header-id"><b>Generated Narrative: ValueSet all-observation-codes-vs</b></p><a name="all-observation-codes-vs"> </a><a name="hcall-observation-codes-vs"> </a><a name="all-observation-codes-vs-en-US"> </a><p>This value set includes codes based on the following rules:</p><ul><li>Import all the codes that are contained in <a href="ValueSet-investigation-id-vs.html">Investigation Id VS</a></li><li>Import all the codes that are contained in <a href="ValueSet-observation-result-vs.html">Observation Result VS</a></li></ul></div></text><url value="http://nhn.no/fhir/nilar/ValueSet/all-observation-codes-vs"/><version value="1.4.2"/><name value="AllObservationCodes_VS"/><title value="All Observation Codes VS"/><status value="active"/><date value="2025-03-20T10:06:13+00:00"/><publisher value="Norsk helsenett - Nilar"/><contact><name value="Norsk helsenett - Nilar"/><telecom><system value="url"/><value value="https://www.nhn.no"/></telecom></contact><description value="All codes found in investigation or result. Used in Observation.meta.tag where all codes are accumulated for easy search."/><compose><include><valueSet value="http://nhn.no/fhir/nilar/ValueSet/investigation-id-vs"/></include><include><valueSet value="http://nhn.no/fhir/nilar/ValueSet/observation-result-vs"/></include></compose></ValueSet>