<?xml version="1.0" encoding="UTF-8"?><ValueSet xmlns="http://hl7.org/fhir"><id value="inf-item-type-vs"/><text><status value="generated"/><div xmlns="http://www.w3.org/1999/xhtml"><p class="res-header-id"><b>Generated Narrative: ValueSet inf-item-type-vs</b></p><a name="inf-item-type-vs"> </a><a name="hcinf-item-type-vs"> </a><a name="hcinf-item-type-vs-en-US"> </a><ul><li>Include all codes defined in <code>http://ehelse.no/fhir/CodeSystem/no-kodeverk-8233</code></li></ul></div></text><url value="http://nhn.no/fhir/nilar/ValueSet/inf-item-type-vs"/><version value="1.4.0"/><name value="InfItemType_VS"/><title value="Inf Item Type VS"/><status value="active"/><date value="2024-06-28T12:17:56+00:00"/><publisher value="Norsk helsenett - Nilar"/><contact><name value="Norsk helsenett - Nilar"/><telecom><system value="url"/><value value="https://www.nhn.no"/></telecom></contact><description value="Codes for type of clinical information."/><compose><include><system value="http://ehelse.no/fhir/CodeSystem/no-kodeverk-8233"/></include></compose></ValueSet>