<?xml version="1.0" encoding="UTF-8"?><ValueSet xmlns="http://hl7.org/fhir"><id value="specimen-type-vs"/><text><status value="generated"/><div xmlns="http://www.w3.org/1999/xhtml"><p>This value set includes codes based on the following rules:</p><ul><li>Include all codes defined in <code>http://ehelse.no/fhir/CodeSystem/no-kodeverk-8212</code></li><li>Include all codes defined in <code>http://ehelse.no/fhir/CodeSystem/no-kodeverk-8216</code></li><li>Include all codes defined in <code>http://ehelse.no/fhir/CodeSystem/no-kodeverk-8351</code></li></ul></div></text><url value="http://nhn.no/fhir/nilar/ValueSet/specimen-type-vs"/><version value="1.2.1"/><name value="SpecimenType_VS"/><title value="Specimen Type VS"/><status value="active"/><date value="2023-06-07T09:10:14+00:00"/><publisher value="Norsk helsenett - Nilar"/><contact><name value="Norsk helsenett - Nilar"/><telecom><system value="url"/><value value="https://www.nhn.no"/></telecom></contact><description value="Type og material in specimen."/><compose><include><system value="http://ehelse.no/fhir/CodeSystem/no-kodeverk-8212"/></include><include><system value="http://ehelse.no/fhir/CodeSystem/no-kodeverk-8216"/></include><include><system value="http://ehelse.no/fhir/CodeSystem/no-kodeverk-8351"/></include></compose></ValueSet>