Source File	Size	loadResources	load	generateSnapshots	load-configure	scan	loadDepInfo	loadInfo	checkR4R4B	generateNarratives	validate	loadLists	checkConformanceResources	checkConformanceResources2	checkConformanceResources3	generateLogicalMaps	validateExpressions	scanForUsageStats	checkURLsUnique	processProvenanceDetails	generate1	generate2	generateLogicals	makeDependencies	generateExampleZip	generateValidationPack	scanProfilesForR5	scanExamplesForR5
/fsh-generated/resources/ImplementationGuide-diagnostic.report.nilar.json	21189	-	0	0	0	0	0	0	15	47	0	0	0	0	0	0	0	0	0	0	140	301	0	0	0	10	0	2
fsh-generated/resources/CodeSystem-identifier-source-cs.json	1713	2	0	0	1	0	0	0	1	8	0	0	0	0	0	0	0	0	0	0	13	70	0	0	0	1	0	0
fsh-generated/resources/CodeSystem-organization-id-type-cs.json	888	1	0	0	0	0	0	0	0	2	0	0	0	0	0	0	0	0	0	0	7	51	0	0	0	0	0	0
fsh-generated/resources/CodeSystem-person-id-type-cs.json	715	0	0	0	0	0	0	0	0	3	0	0	0	0	0	0	0	0	0	0	8	52	0	0	0	0	0	0
fsh-generated/resources/CodeSystem-public-id-type-cs.json	689	1	0	0	0	0	0	0	0	2	0	0	0	0	0	0	0	0	0	0	7	42	0	0	0	1	0	0
fsh-generated/resources/CodeSystem-pvk-outcome-cs.json	929	1	0	0	0	0	0	0	1	2	0	0	0	0	0	0	0	0	0	0	7	37	0	0	0	0	0	0
fsh-generated/resources/StructureDefinition-nilar-accredited.json	1390	1	0	10	0	0	0	0	0	87	0	0	0	0	0	0	0	1	0	0	31	483	0	0	0	3	0	0
fsh-generated/resources/StructureDefinition-nilar-approval-date.json	1240	1	0	6	0	0	0	0	0	9	0	0	0	0	0	0	0	0	0	0	28	96	0	0	0	1	0	0
fsh-generated/resources/StructureDefinition-nilar-comment.json	1394	0	0	7	0	0	0	0	0	20	0	0	0	0	0	0	0	0	0	0	39	95	0	0	0	2	0	1
fsh-generated/resources/StructureDefinition-nilar-container-count.json	1313	1	0	6	0	0	0	0	0	9	0	0	0	0	0	0	0	0	0	0	37	80	0	0	0	2	0	0
fsh-generated/resources/StructureDefinition-nilar-counter-sign-date.json	1275	1	0	7	0	0	0	0	0	6	0	0	0	0	0	0	0	0	0	0	38	75	0	0	0	2	0	0
fsh-generated/resources/StructureDefinition-nilar-description-date.json	1286	0	0	6	0	0	0	0	0	5	0	0	0	0	0	0	0	0	0	0	33	72	0	0	0	2	0	0
fsh-generated/resources/StructureDefinition-nilar-diagnostic-report-ref.json	1625	1	0	6	0	0	0	0	0	6	0	0	0	0	0	0	0	0	0	0	29	72	0	0	0	1	0	0
fsh-generated/resources/StructureDefinition-nilar-diagnostic-report.json	7453	2	0	107	0	0	0	0	0	50	0	0	1	0	0	0	0	1	0	0	219	427	0	0	0	16	0	2
fsh-generated/resources/StructureDefinition-nilar-history.json	1380	1	0	10	0	0	0	0	1	47	0	0	0	0	0	0	0	1	0	0	36	76	0	0	0	3	0	0
fsh-generated/resources/StructureDefinition-nilar-inf-item-coded-descr.json	1447	0	0	6	0	0	0	0	0	8	0	0	0	0	0	0	0	0	0	0	28	70	0	0	0	1	0	0
fsh-generated/resources/StructureDefinition-nilar-inf-item-descr.json	1251	1	0	5	0	0	0	0	0	6	0	0	0	0	0	0	0	0	0	0	36	64	0	0	0	2	0	0
fsh-generated/resources/StructureDefinition-nilar-inf-item-end.json	1229	1	0	3	0	0	0	0	0	6	0	0	0	0	0	0	0	0	0	0	35	100	0	0	0	2	0	0
fsh-generated/resources/StructureDefinition-nilar-inf-item-org-time.json	1276	1	0	3	0	0	0	0	0	6	0	0	0	0	0	0	0	0	0	0	36	65	0	0	0	1	0	0
fsh-generated/resources/StructureDefinition-nilar-inf-item-start.json	1245	1	0	4	0	0	0	0	0	5	0	0	0	0	0	0	0	0	0	0	37	74	0	0	0	2	0	0
fsh-generated/resources/StructureDefinition-nilar-inf-item-type.json	1371	0	0	3	0	0	0	0	0	6	0	0	0	0	0	0	0	0	0	0	33	66	0	0	0	2	0	0
fsh-generated/resources/StructureDefinition-nilar-inf-item.json	4223	2	0	9	0	0	0	0	0	13	0	0	0	0	0	0	0	0	0	0	69	111	0	0	0	3	1	1
fsh-generated/resources/StructureDefinition-nilar-investigation-date.json	1272	0	0	7	0	0	0	0	0	6	0	0	0	0	0	0	0	0	0	0	36	62	0	0	0	2	0	0
fsh-generated/resources/StructureDefinition-nilar-logistics.json	1201	1	0	6	0	0	0	0	0	5	0	0	0	0	0	0	0	0	0	0	34	61	0	0	0	1	0	0
fsh-generated/resources/StructureDefinition-nilar-medical-validation-date.json	1323	1	0	6	0	0	0	0	0	6	0	0	0	0	0	0	0	0	0	0	35	61	0	0	0	2	0	0
fsh-generated/resources/StructureDefinition-nilar-observation.json	12206	3	0	82	0	0	0	0	0	51	0	0	0	0	0	0	0	2	0	0	321	773	0	1	0	21	0	1
fsh-generated/resources/StructureDefinition-nilar-operation-outcome.json	1253	0	0	15	0	0	0	0	0	11	0	0	0	0	0	0	0	0	0	0	60	107	0	0	0	7	0	0
fsh-generated/resources/StructureDefinition-nilar-payment-category.json	1405	1	0	5	0	0	0	0	1	7	0	0	0	0	0	0	0	0	0	0	36	60	0	0	0	2	0	0
fsh-generated/resources/StructureDefinition-nilar-practitioner-role.json	2970	1	0	40	0	0	0	0	0	35	0	0	1	0	0	0	0	1	0	0	198	404	0	0	0	12	0	1
fsh-generated/resources/StructureDefinition-nilar-pretreatment.json	1440	1	0	5	1	0	0	0	0	13	0	0	0	0	0	0	0	0	0	0	28	90	0	0	0	2	0	1
fsh-generated/resources/StructureDefinition-nilar-receipt-date.json	1222	1	0	4	0	0	0	0	0	9	0	0	0	0	0	0	0	0	0	0	26	58	0	0	0	2	0	0
fsh-generated/resources/StructureDefinition-nilar-related-observation.json	1385	1	0	3	0	0	0	0	0	7	0	0	0	0	0	0	0	0	0	0	25	56	0	0	0	1	0	0
fsh-generated/resources/StructureDefinition-nilar-report-date.json	1262	1	0	2	0	0	0	0	0	6	0	0	0	0	0	0	0	0	0	0	26	58	0	0	0	1	0	0
fsh-generated/resources/StructureDefinition-nilar-reservation.json	1437	0	0	5	0	0	0	0	0	7	0	0	0	0	0	0	0	0	0	0	27	62	0	0	0	1	0	0
fsh-generated/resources/StructureDefinition-nilar-sample-handling.json	1310	1	0	5	0	0	0	0	0	6	0	0	0	0	0	0	0	0	0	0	25	57	0	0	0	2	0	0
fsh-generated/resources/StructureDefinition-nilar-service-request.json	6112	2	0	29	0	0	0	0	0	31	0	0	0	0	0	0	0	1	0	0	196	301	0	0	0	12	0	1
fsh-generated/resources/StructureDefinition-nilar-specification.json	1318	1	0	3	0	0	0	0	0	13	0	0	0	0	0	0	0	0	0	0	26	55	0	0	0	1	0	0
fsh-generated/resources/StructureDefinition-nilar-specimen.json	8349	3	0	42	0	0	0	0	0	57	0	0	0	0	0	0	0	1	0	0	220	308	0	0	0	11	1	1
fsh-generated/resources/StructureDefinition-nilar-status-change-date.json	1251	1	0	4	0	0	0	0	0	7	0	0	0	0	0	0	0	0	0	0	26	55	0	0	0	2	0	0
fsh-generated/resources/StructureDefinition-nilar-structured-info-boolean.json	1266	1	0	3	0	0	0	0	0	6	0	0	0	0	0	0	0	0	0	0	25	54	0	0	0	1	0	0
fsh-generated/resources/StructureDefinition-nilar-structured-info-coded.json	1258	1	0	2	0	0	0	0	0	6	0	0	0	0	0	0	0	0	0	0	27	54	0	0	0	1	0	0
fsh-generated/resources/StructureDefinition-nilar-structured-info-integer.json	1266	1	0	3	0	0	0	0	0	7	0	0	0	0	0	0	0	0	0	0	25	54	0	0	0	1	0	0
fsh-generated/resources/StructureDefinition-nilar-structured-info-physical.json	1275	1	0	3	0	0	0	0	0	5	0	0	0	0	0	0	0	0	0	0	26	53	0	0	0	1	0	0
fsh-generated/resources/StructureDefinition-nilar-structured-info-text.json	1247	1	0	3	0	0	0	0	0	24	0	0	0	0	0	0	0	0	0	0	26	52	0	0	0	1	0	0
fsh-generated/resources/StructureDefinition-nilar-structured-info-type.json	1256	1	0	2	0	0	0	0	0	17	0	0	0	0	0	0	0	0	0	0	25	51	0	0	0	1	0	0
fsh-generated/resources/StructureDefinition-nilar-structured-info.json	3857	2	0	6	1	0	0	0	0	33	0	0	0	0	0	0	0	0	0	0	56	77	0	0	0	3	0	0
fsh-generated/resources/StructureDefinition-nilar-study-product-ref.json	1259	1	0	3	0	0	0	0	1	11	0	0	0	0	0	0	0	0	0	0	25	51	0	0	0	1	0	0
fsh-generated/resources/StructureDefinition-nilar-study-product-type.json	1243	1	0	2	0	0	0	0	0	47	0	0	0	0	0	0	0	0	0	0	26	51	0	0	0	1	0	0
fsh-generated/resources/ValueSet-all-observation-codes-vs.json	653	1	0	0	0	0	0	0	0	119	0	0	0	0	0	0	0	0	0	0	4	102	0	0	0	0	0	0
fsh-generated/resources/ValueSet-collector-comment-vs.json	412	0	0	0	0	0	0	0	0	35	0	0	0	0	0	0	0	0	0	0	5	64	0	0	0	1	0	0
fsh-generated/resources/ValueSet-deviation-indicator-vs.json	452	1	0	0	0	0	0	0	1	32	0	0	0	0	0	0	0	0	0	0	7	61	0	0	0	0	0	0
fsh-generated/resources/ValueSet-document-restriction-vs.json	444	0	0	0	0	0	0	0	0	31	0	0	0	0	0	0	0	0	0	0	5	61	0	0	0	0	0	0
fsh-generated/resources/ValueSet-expertise-vs.json	1209	1	0	0	0	0	0	0	1	131	0	0	0	0	0	0	0	0	0	0	6	65	0	0	0	0	0	0
fsh-generated/resources/ValueSet-identifier-source-vs.json	544	1	0	0	0	0	0	0	0	3	0	0	0	0	0	0	0	0	0	0	6	40	0	0	0	1	0	0
fsh-generated/resources/ValueSet-inf-item-coded-descr-vs.json	786	0	0	0	0	0	0	0	0	149	0	0	0	0	0	0	0	0	0	0	7	63	0	0	0	0	0	1
fsh-generated/resources/ValueSet-inf-item-type-vs.json	394	1	0	0	0	0	0	0	0	30	0	0	0	0	0	0	0	0	0	0	5	53	0	0	0	0	0	0
fsh-generated/resources/ValueSet-investigation-id-vs.json	810	1	0	0	0	0	0	0	0	147	0	0	0	0	0	0	0	0	0	0	6	32	0	0	0	0	0	0
fsh-generated/resources/ValueSet-investigation-method-vs.json	435	0	0	0	0	0	0	0	1	31	0	0	0	0	0	0	0	0	0	0	5	55	0	0	1	1	0	0
fsh-generated/resources/ValueSet-investigation-spec-vs.json	722	1	0	0	0	0	0	0	0	1	0	0	0	0	0	0	0	0	0	0	7	30	0	0	0	0	0	0
fsh-generated/resources/ValueSet-main-expertise-vs.json	737	0	0	0	0	0	0	0	0	33	0	0	0	0	0	0	0	0	0	0	5	58	0	0	0	0	0	0
fsh-generated/resources/ValueSet-observation-result-vs.json	779	1	0	0	0	0	0	0	0	93	0	0	0	0	0	0	0	0	0	0	6	31	0	0	0	1	0	0
fsh-generated/resources/ValueSet-organization-it-type-vs.json	460	0	0	0	0	0	0	0	0	1	0	0	0	0	0	0	0	0	0	0	5	23	0	0	0	0	0	0
fsh-generated/resources/ValueSet-outcome-details-vs.json	437	0	0	0	0	0	0	0	0	1	0	0	0	0	0	0	0	0	0	0	5	22	0	0	0	0	0	0
fsh-generated/resources/ValueSet-payment-category-vs.json	414	1	0	0	0	0	0	0	0	31	0	0	0	0	0	0	0	0	0	0	5	53	0	0	0	0	0	0
fsh-generated/resources/ValueSet-person-id-type-vs.json	521	0	0	0	0	0	0	0	1	2	0	0	0	0	0	0	0	0	0	0	7	24	0	0	0	0	0	0
fsh-generated/resources/ValueSet-pretreatment-vs.json	418	1	0	0	0	0	0	0	0	30	0	0	0	0	0	0	0	0	0	0	4	56	0	0	0	1	0	0
fsh-generated/resources/ValueSet-public-it-type-vs.json	395	0	0	0	0	0	0	0	0	1	0	0	0	0	0	0	0	0	0	0	5	22	0	0	0	0	0	0
fsh-generated/resources/ValueSet-report-comment-vs.json	579	1	0	0	0	0	0	0	0	89	0	0	0	0	0	0	0	1	0	0	6	56	0	0	0	0	0	0
fsh-generated/resources/ValueSet-request-reason-vs.json	409	0	0	0	0	0	0	0	0	30	0	0	0	0	0	0	0	0	0	0	4	52	0	0	0	0	0	0
fsh-generated/resources/ValueSet-requisition-comment-vs.json	555	0	0	0	0	0	0	0	0	58	0	0	0	0	0	0	0	0	0	0	5	52	0	0	0	1	0	0
fsh-generated/resources/ValueSet-reservation-codes-vs.json	433	1	0	0	0	0	0	0	0	31	0	0	0	0	0	0	0	0	0	0	6	53	0	0	0	0	0	0
fsh-generated/resources/ValueSet-specimen-type-vs.json	559	0	0	0	0	0	0	0	0	59	0	0	0	0	0	0	0	0	0	0	5	55	0	0	0	0	0	0
fsh-generated/resources/ValueSet-typeof-diagnostic-report-vs.json	494	0	0	0	0	0	0	0	1	1	0	0	0	0	0	0	0	0	0	0	4	51	0	0	0	0	0	0
fsh-generated/resources/ValueSet-units-of-measure-vs.json	384	0	0	0	0	0	0	0	0	152	0	0	0	0	0	0	0	0	0	0	8	253	0	0	0	1	0	0
/fsh-generated/includes/menu.xml	1043	-	-	-	0	0	0	0	0	0	0	0	0	0	0	0	0	0	0	0	0	1	0	0	0	0	0	0
/fsh-generated/includes/fsh-link-references.md	4536	-	-	-	0	0	0	0	0	0	0	0	0	0	0	0	0	0	0	0	0	0	0	0	0	0	0	0
/input/pagecontent/index.md	3093	-	-	-	0	0	0	0	0	0	0	0	0	0	0	0	0	0	0	0	0	1	0	0	0	0	0	0
/template/config	0	-	-	-	0	0	0	0	0	0	0	0	0	0	0	0	0	0	0	0	0	0	0	0	0	0	0	0
/template/config/_config.yml	140	-	-	-	0	0	0	0	0	0	0	0	0	0	0	0	0	0	0	0	0	0	0	0	0	0	0	0
/input/images	0	-	-	-	0	0	0	0	0	0	0	0	0	0	0	0	0	0	0	0	0	0	0	0	0	0	0	0
/input/images/Visual mapping.png	110565	-	-	-	0	0	0	0	0	0	0	0	0	0	0	0	0	0	0	0	0	0	0	0	0	0	0	0
/temp/pages/_includes/artifacts.xml	30153	-	-	-	-	-	-	-	-	-	-	-	-	-	-	-	-	-	-	-	-	1	0	0	0	0	0	0
