URL,Version,Status,OIDs,Name,Title,Description,Used
http://nhn.no/fhir/nilar/CodeSystem/identifier-source-cs,1.5.0,active,,IdentifierSource_CS,Identifier Source CS,"Various resources has one or two identifiers, provided by requester or service provider. These are naming systems used to identify the origin of the identifiers.","ValueSet/identifier-source-vs"
http://nhn.no/fhir/nilar/CodeSystem/organization-id-type-cs,1.5.0,active,,OrganizationIdType_CS,Organization Id Type CS,"Id types used to identify organizations.","ValueSet/organization-it-type-vs"
http://nhn.no/fhir/nilar/CodeSystem/person-id-type-cs,1.5.0,active,,PersonIdType_CS,Person Id Type CS,"Id types used to identify persons involved, other than the patient.","ValueSet/person-id-type-vs"
http://nhn.no/fhir/nilar/CodeSystem/public-id-type-cs,1.5.0,active,,PublicIdType_CS,Public Id Type CS,"Id types used to identify patients","ValueSet/public-it-type-vs,ValueSet/person-id-type-vs"
http://nhn.no/fhir/nilar/CodeSystem/pvk-outcome-cs,1.5.0,active,,PvkOutcome_CS,Pvk Outcome CS,"A code that indicates how privacy settings (PVK) may have affected the outcome.","ValueSet/outcome-details-vs"
http://unitsofmeasure.org,3.0.1,active,"2.16.840.1.113883.6.8",UCUM,Unified Code for Units of Measure (UCUM),"The Unified Code for Units of Measure (UCUM) is a code system intended to include all units of measures being contemporarily used in international science, engineering, and business. The purpose is to facilitate unambiguous electronic communication of quantities together with their units. The focus is on electronic communication, as opposed to communication between humans. A typical application of The Unified Code for Units of Measure are electronic data interchange (EDI) protocols, but there is nothing that prevents it from being used in other types of machine communication.","ValueSet/units-of-measure-vs"
